2025-12-30 11:11:53,478 INFO HTTP Request: GET https://pypi.org/simple/mistral-vibe/ "HTTP/1.1 200 OK"
2025-12-30 11:39:02,901 INFO Loaded 1 messages from previous session
2025-12-30 11:40:41,049 INFO HTTP Request: POST https://api.mistral.ai/v1/chat/completions#stream "HTTP/1.1 200 OK"
2025-12-30 11:40:42,645 INFO HTTP Request: POST https://api.mistral.ai/v1/chat/completions#stream "HTTP/1.1 200 OK"
2025-12-30 11:40:43,209 INFO HTTP Request: POST https://api.mistral.ai/v1/chat/completions#stream "HTTP/1.1 200 OK"
2025-12-30 11:40:44,403 INFO HTTP Request: POST https://api.mistral.ai/v1/chat/completions#stream "HTTP/1.1 200 OK"
2025-12-30 11:40:46,063 INFO HTTP Request: POST https://api.mistral.ai/v1/chat/completions#stream "HTTP/1.1 200 OK"
2025-12-30 11:40:46,897 INFO HTTP Request: POST https://api.mistral.ai/v1/chat/completions#stream "HTTP/1.1 200 OK"
2025-12-30 11:40:48,538 INFO HTTP Request: POST https://api.mistral.ai/v1/chat/completions#stream "HTTP/1.1 200 OK"
2025-12-30 11:40:49,949 INFO HTTP Request: POST https://api.mistral.ai/v1/chat/completions#stream "HTTP/1.1 200 OK"
2025-12-30 11:40:51,598 INFO HTTP Request: POST https://api.mistral.ai/v1/chat/completions#stream "HTTP/1.1 200 OK"
2025-12-30 11:40:52,582 INFO HTTP Request: POST https://api.mistral.ai/v1/chat/completions#stream "HTTP/1.1 200 OK"
2025-12-30 11:40:58,204 INFO 1 change detected
2025-12-30 11:41:21,750 INFO HTTP Request: POST https://api.mistral.ai/v1/chat/completions#stream "HTTP/1.1 200 OK"
2025-12-30 11:41:39,870 INFO 1 change detected
2025-12-30 11:41:40,358 INFO HTTP Request: POST https://api.mistral.ai/v1/chat/completions#stream "HTTP/1.1 200 OK"
2025-12-30 11:42:47,167 INFO 1 change detected
2025-12-30 11:42:47,746 INFO HTTP Request: POST https://api.mistral.ai/v1/chat/completions#stream "HTTP/1.1 200 OK"
2025-12-30 11:42:50,713 INFO 1 change detected
2025-12-30 11:42:51,011 INFO HTTP Request: POST https://api.mistral.ai/v1/chat/completions#stream "HTTP/1.1 200 OK"
2025-12-30 11:42:54,040 INFO 1 change detected
2025-12-30 11:42:54,289 INFO HTTP Request: POST https://api.mistral.ai/v1/chat/completions#stream "HTTP/1.1 200 OK"
2025-12-30 11:42:55,624 INFO HTTP Request: POST https://api.mistral.ai/v1/chat/completions#stream "HTTP/1.1 200 OK"
2025-12-30 11:42:56,977 INFO HTTP Request: POST https://api.mistral.ai/v1/chat/completions#stream "HTTP/1.1 200 OK"
2025-12-30 11:43:13,950 INFO HTTP Request: POST https://api.mistral.ai/v1/chat/completions#stream "HTTP/1.1 200 OK"
2025-12-30 11:44:07,506 INFO HTTP Request: POST https://api.mistral.ai/v1/chat/completions#stream "HTTP/1.1 200 OK"
2025-12-30 11:44:11,711 INFO HTTP Request: POST https://api.mistral.ai/v1/chat/completions#stream "HTTP/1.1 200 OK"
2025-12-30 11:44:43,211 INFO HTTP Request: POST https://api.mistral.ai/v1/chat/completions#stream "HTTP/1.1 200 OK"
2025-12-30 11:44:46,346 INFO HTTP Request: POST https://api.mistral.ai/v1/chat/completions#stream "HTTP/1.1 200 OK"
2025-12-30 11:45:10,790 INFO HTTP Request: POST https://api.mistral.ai/v1/chat/completions#stream "HTTP/1.1 200 OK"
2025-12-30 11:45:41,776 INFO Loaded 53 messages from previous session
2025-12-30 14:21:07,508 INFO Loaded 53 messages from previous session
2025-12-30 14:25:17,507 INFO HTTP Request: POST https://api.mistral.ai/v1/chat/completions#stream "HTTP/1.1 200 OK"
2025-12-30 14:25:19,725 INFO HTTP Request: POST https://api.mistral.ai/v1/chat/completions#stream "HTTP/1.1 200 OK"
2025-12-30 14:25:21,164 INFO HTTP Request: POST https://api.mistral.ai/v1/chat/completions#stream "HTTP/1.1 200 OK"
2025-12-30 14:25:30,463 INFO HTTP Request: POST https://api.mistral.ai/v1/chat/completions#stream "HTTP/1.1 200 OK"
2025-12-30 14:25:33,665 INFO HTTP Request: POST https://api.mistral.ai/v1/chat/completions#stream "HTTP/1.1 200 OK"
2025-12-30 14:25:35,541 INFO HTTP Request: POST https://api.mistral.ai/v1/chat/completions#stream "HTTP/1.1 200 OK"
2025-12-30 14:25:36,771 INFO HTTP Request: POST https://api.mistral.ai/v1/chat/completions#stream "HTTP/1.1 200 OK"
2025-12-30 14:25:42,199 INFO HTTP Request: POST https://api.mistral.ai/v1/chat/completions#stream "HTTP/1.1 200 OK"
2025-12-30 14:25:43,286 INFO HTTP Request: POST https://api.mistral.ai/v1/chat/completions#stream "HTTP/1.1 200 OK"
2025-12-30 14:25:45,017 INFO HTTP Request: POST https://api.mistral.ai/v1/chat/completions#stream "HTTP/1.1 200 OK"
2025-12-30 14:25:46,319 INFO HTTP Request: POST https://api.mistral.ai/v1/chat/completions#stream "HTTP/1.1 200 OK"
2025-12-30 14:25:52,578 INFO HTTP Request: POST https://api.mistral.ai/v1/chat/completions#stream "HTTP/1.1 200 OK"
2025-12-30 14:25:53,974 INFO HTTP Request: POST https://api.mistral.ai/v1/chat/completions#stream "HTTP/1.1 200 OK"
2025-12-30 14:25:55,590 INFO HTTP Request: POST https://api.mistral.ai/v1/chat/completions#stream "HTTP/1.1 200 OK"
2025-12-30 14:25:57,800 INFO HTTP Request: POST https://api.mistral.ai/v1/chat/completions#stream "HTTP/1.1 200 OK"
2025-12-30 14:25:59,211 INFO HTTP Request: POST https://api.mistral.ai/v1/chat/completions#stream "HTTP/1.1 200 OK"
2025-12-30 14:26:01,394 INFO HTTP Request: POST https://api.mistral.ai/v1/chat/completions#stream "HTTP/1.1 200 OK"
2025-12-30 14:26:55,020 INFO 1 change detected
2025-12-30 14:26:56,129 INFO HTTP Request: POST https://api.mistral.ai/v1/chat/completions#stream "HTTP/1.1 200 OK"
2025-12-30 14:27:01,569 INFO 1 change detected
2025-12-30 14:27:51,387 INFO HTTP Request: POST https://api.mistral.ai/v1/chat/completions#stream "HTTP/1.1 200 OK"
2025-12-30 14:28:02,515 INFO 1 change detected
2025-12-30 14:28:03,981 INFO HTTP Request: POST https://api.mistral.ai/v1/chat/completions#stream "HTTP/1.1 200 OK"
2025-12-30 14:28:05,452 INFO 1 change detected
2025-12-30 14:28:05,952 INFO HTTP Request: POST https://api.mistral.ai/v1/chat/completions#stream "HTTP/1.1 200 OK"
2025-12-30 14:28:07,807 INFO 1 change detected
2025-12-30 14:28:08,566 INFO HTTP Request: POST https://api.mistral.ai/v1/chat/completions#stream "HTTP/1.1 200 OK"
2025-12-30 14:28:16,651 INFO 1 change detected
2025-12-30 14:28:17,604 INFO HTTP Request: POST https://api.mistral.ai/v1/chat/completions#stream "HTTP/1.1 200 OK"
2025-12-30 14:28:19,700 INFO HTTP Request: POST https://api.mistral.ai/v1/chat/completions#stream "HTTP/1.1 200 OK"
2025-12-30 14:28:21,572 INFO HTTP Request: POST https://api.mistral.ai/v1/chat/completions#stream "HTTP/1.1 200 OK"
2025-12-30 14:28:28,605 INFO 1 change detected
2025-12-30 14:28:29,565 INFO HTTP Request: POST https://api.mistral.ai/v1/chat/completions#stream "HTTP/1.1 200 OK"
2025-12-30 14:28:32,383 INFO 1 change detected
2025-12-30 14:28:33,676 INFO HTTP Request: POST https://api.mistral.ai/v1/chat/completions#stream "HTTP/1.1 200 OK"
2025-12-30 14:28:41,834 INFO 1 change detected
2025-12-30 14:28:42,463 INFO HTTP Request: POST https://api.mistral.ai/v1/chat/completions#stream "HTTP/1.1 200 OK"
2025-12-30 14:28:47,275 INFO HTTP Request: POST https://api.mistral.ai/v1/chat/completions#stream "HTTP/1.1 200 OK"
2025-12-30 14:28:49,460 INFO HTTP Request: POST https://api.mistral.ai/v1/chat/completions#stream "HTTP/1.1 200 OK"
2025-12-30 14:28:52,172 INFO HTTP Request: POST https://api.mistral.ai/v1/chat/completions#stream "HTTP/1.1 200 OK"
2025-12-30 14:28:56,792 INFO 1 change detected
2025-12-30 14:28:59,061 INFO HTTP Request: POST https://api.mistral.ai/v1/chat/completions#stream "HTTP/1.1 200 OK"
2025-12-30 14:28:59,843 INFO 1 change detected
2025-12-30 14:29:24,061 INFO HTTP Request: POST https://api.mistral.ai/v1/chat/completions#stream "HTTP/1.1 200 OK"
2025-12-30 14:29:26,315 INFO HTTP Request: POST https://api.mistral.ai/v1/chat/completions#stream "HTTP/1.1 200 OK"
2025-12-30 14:29:27,960 INFO HTTP Request: POST https://api.mistral.ai/v1/chat/completions#stream "HTTP/1.1 200 OK"
2025-12-30 14:29:29,800 INFO HTTP Request: POST https://api.mistral.ai/v1/chat/completions#stream "HTTP/1.1 200 OK"
2025-12-30 14:29:31,404 INFO HTTP Request: POST https://api.mistral.ai/v1/chat/completions#stream "HTTP/1.1 200 OK"
2025-12-30 14:29:35,745 INFO 1 change detected
2025-12-30 14:29:38,127 INFO HTTP Request: POST https://api.mistral.ai/v1/chat/completions#stream "HTTP/1.1 200 OK"
2025-12-30 14:29:38,804 INFO 1 change detected
2025-12-30 14:29:47,767 INFO HTTP Request: POST https://api.mistral.ai/v1/chat/completions#stream "HTTP/1.1 200 OK"
2025-12-30 14:29:48,420 INFO 1 change detected
2025-12-30 14:30:35,907 INFO HTTP Request: POST https://api.mistral.ai/v1/chat/completions#stream "HTTP/1.1 200 OK"
2025-12-30 14:30:51,446 INFO 1 change detected
2025-12-30 14:30:52,567 INFO HTTP Request: POST https://api.mistral.ai/v1/chat/completions#stream "HTTP/1.1 200 OK"
2025-12-30 14:30:55,380 INFO HTTP Request: POST https://api.mistral.ai/v1/chat/completions#stream "HTTP/1.1 200 OK"
2025-12-30 14:30:57,537 INFO 1 change detected
2025-12-30 14:31:44,403 INFO HTTP Request: POST https://api.mistral.ai/v1/chat/completions#stream "HTTP/1.1 200 OK"
2025-12-30 14:31:48,534 INFO 1 change detected
2025-12-30 14:31:49,562 INFO HTTP Request: POST https://api.mistral.ai/v1/chat/completions#stream "HTTP/1.1 200 OK"
2025-12-30 14:31:52,111 INFO HTTP Request: POST https://api.mistral.ai/v1/chat/completions#stream "HTTP/1.1 200 OK"
2025-12-30 14:31:54,516 INFO 1 change detected
2025-12-30 14:31:56,359 INFO HTTP Request: POST https://api.mistral.ai/v1/chat/completions#stream "HTTP/1.1 200 OK"
2025-12-30 14:31:57,057 INFO 1 change detected
2025-12-30 14:31:58,058 INFO HTTP Request: POST https://api.mistral.ai/v1/chat/completions#stream "HTTP/1.1 200 OK"
2025-12-30 14:32:00,376 INFO HTTP Request: POST https://api.mistral.ai/v1/chat/completions#stream "HTTP/1.1 200 OK"
2025-12-30 14:32:02,131 INFO 1 change detected
2025-12-30 14:32:04,201 INFO HTTP Request: POST https://api.mistral.ai/v1/chat/completions#stream "HTTP/1.1 200 OK"
2025-12-30 14:32:04,930 INFO 1 change detected
2025-12-30 14:32:14,323 INFO HTTP Request: POST https://api.mistral.ai/v1/chat/completions#stream "HTTP/1.1 200 OK"
2025-12-30 14:32:39,366 INFO 1 change detected
2025-12-30 14:33:13,890 INFO 1 change detected
2025-12-30 14:33:33,432 INFO 1 change detected
2025-12-30 14:33:45,608 INFO 1 change detected
2025-12-30 14:33:50,728 INFO 1 change detected
2025-12-30 14:33:51,540 INFO 1 change detected
2025-12-30 14:33:56,004 INFO 1 change detected
2025-12-30 14:33:57,427 INFO 1 change detected
2025-12-30 14:34:02,502 INFO 1 change detected
2025-12-30 14:34:07,806 INFO 1 change detected
2025-12-30 14:34:08,836 INFO 1 change detected
2025-12-30 14:34:11,474 INFO 1 change detected
2025-12-30 14:34:12,286 INFO 1 change detected
2025-12-30 14:34:15,974 INFO 1 change detected
2025-12-30 14:34:19,021 INFO 1 change detected
2025-12-30 14:34:25,099 INFO 1 change detected
2025-12-30 14:34:27,335 INFO 1 change detected
2025-12-30 14:34:55,829 INFO 1 change detected
2025-12-30 14:35:11,470 INFO 1 change detected
2025-12-30 14:35:47,379 INFO 1 change detected
2025-12-30 14:36:07,903 INFO 1 change detected
2025-12-30 14:36:08,923 INFO 1 change detected
2025-12-30 14:36:13,387 INFO 1 change detected
2025-12-30 14:36:14,810 INFO 1 change detected
2025-12-30 14:36:47,284 INFO 1 change detected
2025-12-30 14:36:49,319 INFO 1 change detected
2025-12-30 14:36:50,742 INFO 1 change detected
2025-12-30 14:36:55,613 INFO 1 change detected
2025-12-30 14:37:02,716 INFO 1 change detected
2025-12-30 14:37:03,324 INFO 1 change detected
2025-12-30 14:37:11,275 INFO 1 change detected
2025-12-30 14:37:24,880 INFO 1 change detected
2025-12-30 14:37:33,208 INFO 1 change detected
2025-12-30 14:37:36,666 INFO 1 change detected
2025-12-30 14:38:02,877 INFO 1 change detected
2025-12-30 14:38:04,707 INFO 1 change detected
2025-12-30 14:38:07,959 INFO 3 changes detected
2025-12-30 14:38:08,569 INFO 1 change detected
2025-12-30 14:38:09,179 INFO 1 change detected
2025-12-30 14:38:20,744 INFO 1 change detected
2025-12-30 14:38:21,563 INFO 1 change detected
2025-12-30 14:38:21,969 INFO 1 change detected
2025-12-30 14:38:26,237 INFO 1 change detected
2025-12-30 14:38:27,051 INFO 1 change detected
2025-12-30 14:38:31,322 INFO 3 changes detected
2025-12-30 14:38:32,364 INFO 1 change detected
2025-12-30 14:38:33,386 INFO 1 change detected
2025-12-30 14:39:15,280 INFO 3 changes detected
2025-12-30 14:39:15,896 INFO 1 change detected
2025-12-30 14:39:16,297 INFO 1 change detected
2025-12-30 14:39:57,952 INFO 1 change detected
2025-12-30 14:39:58,763 INFO 1 change detected
2025-12-30 14:39:59,974 INFO 1 change detected
2025-12-30 14:40:02,824 INFO 3 changes detected
2025-12-30 14:40:03,434 INFO 1 change detected
2025-12-30 14:40:04,041 INFO 1 change detected
2025-12-30 14:40:12,389 INFO 2 changes detected
2025-12-30 14:40:25,663 INFO 1 change detected
2025-12-30 14:40:26,881 INFO 1 change detected
2025-12-30 14:40:38,056 INFO 1 change detected
2025-12-30 14:40:42,545 INFO 3 changes detected
2025-12-30 14:40:42,952 INFO 1 change detected
2025-12-30 14:40:43,563 INFO 1 change detected
2025-12-30 14:41:25,099 INFO 3 changes detected
2025-12-30 14:41:25,715 INFO 1 change detected
2025-12-30 14:41:26,127 INFO 1 change detected
2025-12-30 14:41:53,918 INFO 1 change detected
2025-12-30 14:41:54,732 INFO 1 change detected
2025-12-30 14:41:55,341 INFO 1 change detected
2025-12-30 14:41:59,002 INFO 3 changes detected
2025-12-30 14:41:59,609 INFO 1 change detected
2025-12-30 14:42:00,219 INFO 1 change detected
2025-12-30 14:43:16,328 INFO 2 changes detected
2025-12-30 14:43:17,544 INFO 1 change detected
2025-12-30 14:43:22,428 INFO 3 changes detected
2025-12-30 14:43:22,835 INFO 1 change detected
2025-12-30 14:43:23,441 INFO 1 change detected
2025-12-30 14:43:30,571 INFO 1 change detected
2025-12-30 14:43:31,177 INFO 2 changes detected
2025-12-30 14:43:35,642 INFO 3 changes detected
2025-12-30 14:43:36,259 INFO 1 change detected
2025-12-30 14:43:37,677 INFO 1 change detected
2025-12-30 14:48:10,186 INFO 1 change detected
2025-12-30 14:48:10,999 INFO 1 change detected
2025-12-30 14:48:15,064 INFO 3 changes detected
2025-12-30 14:48:15,473 INFO 1 change detected
2025-12-30 14:48:16,089 INFO 1 change detected
2025-12-30 14:48:18,720 INFO 1 change detected
2025-12-30 14:48:19,530 INFO 2 changes detected
2025-12-30 14:48:23,181 INFO 3 changes detected
2025-12-30 14:48:23,585 INFO 1 change detected
2025-12-30 14:48:24,195 INFO 2 changes detected
2025-12-30 14:48:29,696 INFO 1 change detected
2025-12-30 14:48:30,305 INFO 2 changes detected
2025-12-30 14:48:40,472 INFO 1 change detected
2025-12-30 14:48:42,705 INFO 1 change detected
2025-12-30 14:48:47,571 INFO 1 change detected
2025-12-30 14:48:49,397 INFO 1 change detected
2025-12-30 14:48:53,250 INFO 1 change detected
2025-12-30 14:48:57,509 INFO 3 changes detected
2025-12-30 14:48:58,123 INFO 1 change detected
2025-12-30 14:48:58,735 INFO 1 change detected
2025-12-30 14:49:06,866 INFO 1 change detected
2025-12-30 14:49:07,473 INFO 2 changes detected
2025-12-30 14:49:08,282 INFO 1 change detected
2025-12-30 14:49:11,134 INFO 3 changes detected
2025-12-30 14:49:11,742 INFO 1 change detected
2025-12-30 14:49:12,152 INFO 1 change detected
2025-12-30 14:49:16,218 INFO 1 change detected
2025-12-30 14:49:16,825 INFO 1 change detected
2025-12-30 14:49:20,679 INFO 3 changes detected
2025-12-30 14:49:21,086 INFO 1 change detected
2025-12-30 14:49:21,901 INFO 1 change detected
2025-12-30 14:49:25,963 INFO 1 change detected
2025-12-30 14:49:26,578 INFO 2 changes detected
2025-12-30 14:49:28,607 INFO 1 change detected
2025-12-30 14:49:30,438 INFO 3 changes detected
2025-12-30 14:49:31,046 INFO 1 change detected
2025-12-30 14:49:31,454 INFO 1 change detected
2025-12-30 14:49:35,919 INFO 1 change detected
2025-12-30 14:49:36,525 INFO 2 changes detected
2025-12-30 14:49:39,163 INFO 1 change detected
2025-12-30 14:49:43,026 INFO 1 change detected
2025-12-30 14:50:10,065 INFO 1 change detected
2025-12-30 14:50:13,509 INFO 1 change detected
2025-12-30 14:50:15,544 INFO 3 changes detected
2025-12-30 14:50:15,954 INFO 1 change detected
2025-12-30 14:50:16,561 INFO 1 change detected
2025-12-30 14:50:45,194 INFO 1 change detected
2025-12-30 14:50:46,004 INFO 1 change detected
2025-12-30 14:50:50,668 INFO 3 changes detected
2025-12-30 14:50:51,080 INFO 1 change detected
2025-12-30 14:50:51,691 INFO 1 change detected
2025-12-30 14:51:19,504 INFO 1 change detected
2025-12-30 14:51:20,515 INFO 1 change detected
2025-12-30 14:51:24,775 INFO 3 changes detected
2025-12-30 14:51:25,186 INFO 1 change detected
2025-12-30 14:51:25,798 INFO 1 change detected
2025-12-30 14:51:34,118 INFO 1 change detected
2025-12-30 14:51:34,730 INFO 2 changes detected
2025-12-30 14:51:38,786 INFO 3 changes detected
2025-12-30 14:51:39,196 INFO 1 change detected
2025-12-30 14:51:39,800 INFO 1 change detected
2025-12-30 14:51:58,855 INFO 1 change detected
2025-12-30 14:51:59,464 INFO 1 change detected
2025-12-30 14:52:03,531 INFO 3 changes detected
2025-12-30 14:52:03,942 INFO 1 change detected
2025-12-30 14:52:04,556 INFO 1 change detected
2025-12-30 14:52:07,190 INFO 1 change detected
2025-12-30 14:52:08,004 INFO 2 changes detected
2025-12-30 14:52:11,856 INFO 3 changes detected
2025-12-30 14:52:12,264 INFO 1 change detected
2025-12-30 14:52:12,877 INFO 1 change detected
2025-12-30 14:52:15,312 INFO 1 change detected
2025-12-30 14:52:16,124 INFO 1 change detected
2025-12-30 14:52:20,180 INFO 3 changes detected
2025-12-30 14:52:20,590 INFO 1 change detected
2025-12-30 14:52:21,407 INFO 1 change detected
2025-12-30 14:52:35,821 INFO 1 change detected
2025-12-30 14:52:36,429 INFO 2 changes detected
2025-12-30 14:52:40,494 INFO 3 changes detected
2025-12-30 14:52:40,904 INFO 1 change detected
2025-12-30 14:52:41,713 INFO 1 change detected
2025-12-30 14:53:44,220 INFO 2 changes detected
2025-12-30 14:53:52,335 INFO 1 change detected
2025-12-30 14:53:53,156 INFO 1 change detected
2025-12-30 14:53:57,435 INFO 3 changes detected
2025-12-30 14:53:58,045 INFO 1 change detected
2025-12-30 14:53:58,655 INFO 1 change detected
2025-12-30 15:30:18,933 INFO 1 change detected
2025-12-30 15:30:19,752 INFO 1 change detected
2025-12-30 15:30:24,227 INFO 3 changes detected
2025-12-30 15:30:25,040 INFO 1 change detected
2025-12-30 15:30:25,654 INFO 1 change detected
2025-12-30 15:32:24,711 INFO 1 change detected
2025-12-30 15:32:25,528 INFO 1 change detected
2025-12-30 15:32:26,549 INFO 1 change detected
2025-12-30 15:32:30,209 INFO 3 changes detected
2025-12-30 15:32:31,023 INFO 1 change detected
2025-12-30 15:32:32,274 INFO 1 change detected
2025-12-30 15:32:40,998 INFO 1 change detected
2025-12-30 15:32:41,606 INFO 1 change detected
2025-12-30 15:32:43,031 INFO 1 change detected
2025-12-30 15:32:46,872 INFO 3 changes detected
2025-12-30 15:32:47,485 INFO 1 change detected
2025-12-30 15:32:48,304 INFO 1 change detected
2025-12-30 15:32:55,624 INFO 1 change detected
2025-12-30 15:32:56,435 INFO 2 changes detected
2025-12-30 15:33:00,297 INFO 3 changes detected
2025-12-30 15:33:00,702 INFO 1 change detected
2025-12-30 15:33:01,312 INFO 1 change detected
2025-12-30 15:33:02,532 INFO 1 change detected
2025-12-30 15:33:03,346 INFO 2 changes detected
2025-12-30 15:33:07,417 INFO 3 changes detected
2025-12-30 15:33:07,833 INFO 1 change detected
2025-12-30 15:33:08,649 INFO 1 change detected
2025-12-30 15:33:09,466 INFO 1 change detected
2025-12-30 15:33:10,279 INFO 2 changes detected
2025-12-30 15:33:13,926 INFO 3 changes detected
2025-12-30 15:33:14,336 INFO 1 change detected
2025-12-30 15:33:14,947 INFO 1 change detected
2025-12-30 15:33:17,983 INFO 1 change detected
2025-12-30 15:33:18,591 INFO 2 changes detected
2025-12-30 15:33:20,012 INFO 1 change detected
2025-12-30 15:33:22,452 INFO 3 changes detected
2025-12-30 15:33:22,860 INFO 1 change detected
2025-12-30 15:33:23,467 INFO 1 change detected
2025-12-30 15:33:29,973 INFO 1 change detected
2025-12-30 15:33:30,586 INFO 2 changes detected
2025-12-30 15:33:32,819 INFO 1 change detected
2025-12-30 15:33:35,047 INFO 3 changes detected
2025-12-30 15:33:35,654 INFO 1 change detected
2025-12-30 15:33:36,269 INFO 1 change detected
2025-12-30 15:33:38,095 INFO 1 change detected
2025-12-30 15:33:38,904 INFO 1 change detected
2025-12-30 15:33:42,963 INFO 3 changes detected
2025-12-30 15:33:43,578 INFO 1 change detected
2025-12-30 15:33:45,614 INFO 1 change detected
2025-12-30 15:34:52,249 INFO 1 change detected
2025-12-30 15:34:53,062 INFO 1 change detected
2025-12-30 15:34:53,671 INFO 1 change detected
2025-12-30 15:34:57,326 INFO 3 changes detected
2025-12-30 15:34:57,733 INFO 1 change detected
2025-12-30 15:34:58,341 INFO 1 change detected
2025-12-30 15:35:03,834 INFO 1 change detected
2025-12-30 15:35:04,445 INFO 2 changes detected
2025-12-30 15:35:06,073 INFO 1 change detected
2025-12-30 15:35:08,917 INFO 3 changes detected
2025-12-30 15:35:09,323 INFO 1 change detected
2025-12-30 15:35:09,731 INFO 1 change detected
2025-12-30 15:35:10,341 INFO 1 change detected
2025-12-30 15:35:31,262 INFO 1 change detected
2025-12-30 15:35:32,081 INFO 2 changes detected
2025-12-30 15:35:33,911 INFO 1 change detected
2025-12-30 15:35:34,517 INFO 1 change detected
2025-12-30 15:35:36,142 INFO 3 changes detected
2025-12-30 15:35:36,750 INFO 1 change detected
2025-12-30 15:35:37,374 INFO 1 change detected
2025-12-30 15:36:14,163 INFO 1 change detected
2025-12-30 15:36:14,976 INFO 1 change detected
2025-12-30 15:36:19,275 INFO 3 changes detected
2025-12-30 15:36:19,684 INFO 1 change detected
2025-12-30 15:36:20,296 INFO 1 change detected
2025-12-30 15:36:52,345 INFO 1 change detected
2025-12-30 15:36:53,157 INFO 1 change detected
2025-12-30 15:36:57,617 INFO 3 changes detected
2025-12-30 15:36:58,230 INFO 1 change detected
2025-12-30 15:36:59,046 INFO 1 change detected
2025-12-30 15:37:18,544 INFO 1 change detected
2025-12-30 15:37:19,358 INFO 1 change detected
2025-12-30 15:37:21,594 INFO 1 change detected
2025-12-30 15:37:23,628 INFO 3 changes detected
2025-12-30 15:37:24,035 INFO 1 change detected
2025-12-30 15:37:24,646 INFO 2 changes detected
2025-12-30 15:37:34,583 INFO 1 change detected
2025-12-30 15:37:35,197 INFO 2 changes detected
2025-12-30 15:37:38,853 INFO 3 changes detected
2025-12-30 15:37:39,462 INFO 1 change detected
2025-12-30 15:37:39,866 INFO 1 change detected
2025-12-30 15:37:41,903 INFO 1 change detected
2025-12-30 15:37:42,724 INFO 2 changes detected
2025-12-30 15:37:46,369 INFO 3 changes detected
2025-12-30 15:37:46,775 INFO 2 changes detected
2025-12-30 15:37:47,589 INFO 2 changes detected
2025-12-30 15:37:51,658 INFO 1 change detected
2025-12-30 15:37:52,265 INFO 2 changes detected
2025-12-30 15:37:56,327 INFO 4 changes detected
2025-12-30 15:37:56,940 INFO 1 change detected
2025-12-30 15:37:57,351 INFO 1 change detected
2025-12-30 15:38:01,623 INFO 2 changes detected
2025-12-30 15:38:47,220 INFO 3 changes detected
2025-12-30 15:38:47,834 INFO 1 change detected
2025-12-30 15:38:48,244 INFO 1 change detected
2025-12-30 15:39:19,945 INFO 1 change detected
2025-12-30 15:39:23,820 INFO 3 changes detected
2025-12-30 15:39:24,425 INFO 1 change detected
2025-12-30 15:39:25,037 INFO 1 change detected
2025-12-30 15:39:54,657 INFO 1 change detected
2025-12-30 15:39:55,267 INFO 1 change detected
2025-12-30 15:40:00,131 INFO 3 changes detected
2025-12-30 15:40:00,742 INFO 1 change detected
2025-12-30 15:40:01,558 INFO 1 change detected
2025-12-30 15:40:09,497 INFO 1 change detected
2025-12-30 15:40:10,310 INFO 1 change detected
2025-12-30 15:40:10,718 INFO 1 change detected
2025-12-30 15:40:12,754 INFO 1 change detected
2025-12-30 15:40:14,374 INFO 3 changes detected
2025-12-30 15:40:14,777 INFO 1 change detected
2025-12-30 15:40:15,587 INFO 1 change detected
2025-12-30 15:40:43,442 INFO 1 change detected
2025-12-30 15:41:25,732 INFO 3 changes detected
2025-12-30 15:41:26,348 INFO 1 change detected
2025-12-30 15:41:26,754 INFO 1 change detected
2025-12-30 15:48:13,350 INFO 1 change detected
2025-12-30 15:48:14,366 INFO 2 changes detected
2025-12-30 15:48:18,636 INFO 3 changes detected
2025-12-30 15:48:19,045 INFO 1 change detected
2025-12-30 15:48:19,652 INFO 1 change detected
2025-12-30 15:51:10,071 INFO 1 change detected
2025-12-30 15:51:29,193 INFO 1 change detected
2025-12-30 15:51:35,493 INFO 3 changes detected
2025-12-30 15:51:35,904 INFO 3 changes detected
2025-12-30 15:52:18,489 INFO 3 changes detected
2025-12-30 15:52:19,099 INFO 1 change detected
2025-12-30 15:52:19,508 INFO 1 change detected
2025-12-30 17:54:41,692 INFO 1 change detected
2025-12-31 11:40:29,416 INFO HTTP Request: GET https://pypi.org/simple/mistral-vibe/ "HTTP/1.1 200 OK"
2025-12-31 11:42:51,711 INFO HTTP Request: POST https://api.mistral.ai/v1/chat/completions#stream "HTTP/1.1 200 OK"
2025-12-31 11:43:25,774 INFO HTTP Request: POST https://api.mistral.ai/v1/chat/completions#stream "HTTP/1.1 200 OK"
2025-12-31 11:43:27,152 INFO HTTP Request: POST https://api.mistral.ai/v1/chat/completions#stream "HTTP/1.1 200 OK"
2025-12-31 11:44:03,210 INFO 1 change detected
2025-12-31 11:44:04,159 INFO HTTP Request: POST https://api.mistral.ai/v1/chat/completions#stream "HTTP/1.1 200 OK"
2025-12-31 11:44:41,946 INFO HTTP Request: POST https://api.mistral.ai/v1/chat/completions#stream "HTTP/1.1 200 OK"
2025-12-31 11:44:55,400 INFO 1 change detected
2025-12-31 11:44:56,009 INFO 1 change detected
2025-12-31 11:44:58,646 INFO 4 changes detected
2026-01-05 11:25:53,860 INFO HTTP Request: GET https://pypi.org/simple/mistral-vibe/ "HTTP/1.1 200 OK"
2026-01-05 11:29:43,142 INFO HTTP Request: POST https://api.mistral.ai/v1/chat/completions#stream "HTTP/1.1 200 OK"
2026-01-05 11:29:44,269 INFO HTTP Request: POST https://api.mistral.ai/v1/chat/completions#stream "HTTP/1.1 200 OK"
2026-01-05 11:29:45,507 INFO HTTP Request: POST https://api.mistral.ai/v1/chat/completions#stream "HTTP/1.1 200 OK"
2026-01-05 11:29:47,180 INFO HTTP Request: POST https://api.mistral.ai/v1/chat/completions#stream "HTTP/1.1 200 OK"
2026-01-05 11:29:47,779 INFO HTTP Request: POST https://api.mistral.ai/v1/chat/completions#stream "HTTP/1.1 200 OK"
2026-01-05 11:29:49,221 INFO HTTP Request: POST https://api.mistral.ai/v1/chat/completions#stream "HTTP/1.1 200 OK"
2026-01-05 11:29:49,874 INFO HTTP Request: POST https://api.mistral.ai/v1/chat/completions#stream "HTTP/1.1 200 OK"
2026-01-05 11:29:51,025 INFO HTTP Request: POST https://api.mistral.ai/v1/chat/completions#stream "HTTP/1.1 200 OK"
2026-01-05 11:29:52,474 INFO HTTP Request: POST https://api.mistral.ai/v1/chat/completions#stream "HTTP/1.1 200 OK"
2026-01-05 11:29:53,721 INFO HTTP Request: POST https://api.mistral.ai/v1/chat/completions#stream "HTTP/1.1 200 OK"
2026-01-05 11:29:54,330 INFO HTTP Request: POST https://api.mistral.ai/v1/chat/completions#stream "HTTP/1.1 200 OK"
2026-01-05 11:29:56,043 INFO HTTP Request: POST https://api.mistral.ai/v1/chat/completions#stream "HTTP/1.1 200 OK"
2026-01-05 11:29:56,671 INFO HTTP Request: POST https://api.mistral.ai/v1/chat/completions#stream "HTTP/1.1 200 OK"
2026-01-05 11:29:58,478 INFO HTTP Request: POST https://api.mistral.ai/v1/chat/completions#stream "HTTP/1.1 200 OK"
2026-01-05 11:29:59,216 INFO HTTP Request: POST https://api.mistral.ai/v1/chat/completions#stream "HTTP/1.1 200 OK"
2026-01-05 11:30:00,452 INFO HTTP Request: POST https://api.mistral.ai/v1/chat/completions#stream "HTTP/1.1 200 OK"
2026-01-05 11:30:15,996 INFO 1 change detected
2026-01-05 11:30:16,317 INFO HTTP Request: POST https://api.mistral.ai/v1/chat/completions#stream "HTTP/1.1 200 OK"
2026-01-05 11:30:51,474 INFO HTTP Request: POST https://api.mistral.ai/v1/chat/completions#stream "HTTP/1.1 200 OK"
2026-01-05 11:30:52,012 INFO 1 change detected
2026-01-05 11:30:52,401 INFO HTTP Request: POST https://api.mistral.ai/v1/chat/completions#stream "HTTP/1.1 200 OK"
2026-01-05 11:30:55,346 INFO HTTP Request: POST https://api.mistral.ai/v1/chat/completions#stream "HTTP/1.1 200 OK"
2026-01-05 11:30:56,543 INFO HTTP Request: POST https://api.mistral.ai/v1/chat/completions#stream "HTTP/1.1 200 OK"
2026-01-05 11:30:58,641 INFO 1 change detected
2026-01-05 11:30:59,088 INFO HTTP Request: POST https://api.mistral.ai/v1/chat/completions#stream "HTTP/1.1 200 OK"
2026-01-05 11:31:10,998 INFO HTTP Request: POST https://api.mistral.ai/v1/chat/completions#stream "HTTP/1.1 200 OK"
2026-01-05 11:31:12,550 INFO HTTP Request: POST https://api.mistral.ai/v1/chat/completions#stream "HTTP/1.1 200 OK"
2026-01-05 11:31:13,403 INFO HTTP Request: POST https://api.mistral.ai/v1/chat/completions#stream "HTTP/1.1 200 OK"
2026-01-05 11:48:56,934 INFO 1 change detected
2026-01-05 11:49:09,719 INFO 1 change detected
2026-01-05 11:49:12,565 INFO 1 change detected
2026-01-05 11:49:20,284 INFO 1 change detected
2026-01-05 11:49:21,506 INFO 1 change detected
2026-01-05 11:49:22,929 INFO 1 change detected
2026-01-05 11:49:36,724 INFO 1 change detected
2026-01-05 11:49:37,541 INFO 1 change detected
2026-01-05 11:49:45,455 INFO 1 change detected
2026-01-05 11:49:53,775 INFO 1 change detected
2026-01-05 11:49:56,815 INFO 1 change detected
2026-01-05 11:49:57,424 INFO 1 change detected
2026-01-05 11:49:59,867 INFO 1 change detected
2026-01-05 11:50:13,267 INFO 1 change detected
2026-01-05 11:50:19,582 INFO 1 change detected
2026-01-05 11:50:23,228 INFO 1 change detected
2026-01-05 11:50:24,243 INFO 1 change detected
2026-01-05 11:50:36,020 INFO 1 change detected
2026-01-05 11:50:38,260 INFO 1 change detected
2026-01-05 11:50:41,315 INFO 1 change detected
2026-01-05 11:50:53,921 INFO 1 change detected
2026-01-05 11:50:57,169 INFO 1 change detected
2026-01-05 11:52:41,366 INFO 1 change detected
2026-01-05 11:52:48,653 INFO 1 change detected
2026-01-05 11:52:53,335 INFO 3 changes detected
2026-01-05 11:52:53,744 INFO 1 change detected
2026-01-05 11:52:54,357 INFO 1 change detected
2026-01-05 11:53:36,386 INFO 3 changes detected
2026-01-05 11:53:37,007 INFO 1 change detected
2026-01-05 11:53:37,631 INFO 1 change detected
2026-01-05 11:54:04,644 INFO 1 change detected
2026-01-05 11:54:08,900 INFO 3 changes detected
2026-01-05 11:54:09,309 INFO 1 change detected
2026-01-05 11:54:09,915 INFO 1 change detected
2026-01-05 11:54:47,076 INFO 1 change detected
2026-01-05 11:54:47,893 INFO 1 change detected
2026-01-05 11:54:52,350 INFO 3 changes detected
2026-01-05 11:54:52,962 INFO 1 change detected
2026-01-05 11:54:53,576 INFO 1 change detected
2026-01-05 11:55:15,892 INFO 1 change detected
2026-01-05 11:55:16,706 INFO 2 changes detected
2026-01-05 11:55:17,934 INFO 1 change detected
2026-01-05 11:55:20,979 INFO 3 changes detected
2026-01-05 11:55:21,603 INFO 1 change detected
2026-01-05 11:55:22,212 INFO 2 changes detected
2026-01-05 11:58:43,612 INFO 1 change detected
2026-01-05 11:58:44,624 INFO 1 change detected
2026-01-05 11:58:49,315 INFO 3 changes detected
2026-01-05 11:58:49,921 INFO 1 change detected
2026-01-05 11:58:50,533 INFO 1 change detected
2026-01-05 12:02:26,945 INFO 1 change detected
2026-01-05 12:02:28,370 INFO 1 change detected
2026-01-05 12:02:29,393 INFO 1 change detected
2026-01-05 12:02:32,436 INFO 1 change detected
2026-01-05 12:02:33,448 INFO 3 changes detected
2026-01-05 12:02:34,057 INFO 1 change detected
2026-01-05 12:02:34,666 INFO 1 change detected
2026-01-05 12:03:15,126 INFO 1 change detected
2026-01-05 12:03:15,940 INFO 1 change detected
2026-01-05 12:03:20,005 INFO 3 changes detected
2026-01-05 12:03:20,414 INFO 1 change detected
2026-01-05 12:03:21,021 INFO 1 change detected
2026-01-05 12:03:32,807 INFO 1 change detected
2026-01-05 12:03:33,819 INFO 1 change detected
2026-01-05 12:03:38,897 INFO 3 changes detected
2026-01-05 12:03:40,331 INFO 1 change detected
2026-01-05 12:03:41,747 INFO 1 change detected
2026-01-05 12:06:05,512 INFO 1 change detected
2026-01-05 12:06:06,534 INFO 1 change detected
2026-01-05 12:06:08,359 INFO 1 change detected
2026-01-05 12:06:15,064 INFO 1 change detected
2026-01-05 12:06:19,746 INFO 3 changes detected
2026-01-05 12:06:20,354 INFO 1 change detected
2026-01-05 12:06:20,966 INFO 1 change detected
2026-01-05 12:16:25,457 INFO 1 change detected
2026-01-05 12:16:26,474 INFO 1 change detected
2026-01-05 12:16:30,936 INFO 3 changes detected
2026-01-05 12:16:31,342 INFO 1 change detected
2026-01-05 12:16:32,159 INFO 1 change detected
2026-01-05 12:16:57,957 INFO 1 change detected
2026-01-05 12:16:58,771 INFO 1 change detected
2026-01-05 12:17:00,395 INFO 1 change detected
2026-01-05 12:17:01,213 INFO 1 change detected
2026-01-05 12:17:02,650 INFO 1 change detected
2026-01-05 12:17:03,060 INFO 3 changes detected
2026-01-05 12:17:03,671 INFO 1 change detected
2026-01-05 12:17:04,082 INFO 1 change detected
2026-01-05 12:17:04,901 INFO 1 change detected
2026-01-05 12:17:05,714 INFO 2 changes detected
2026-01-05 12:17:06,525 INFO 1 change detected
2026-01-05 12:17:09,582 INFO 3 changes detected
2026-01-05 12:17:09,991 INFO 1 change detected
2026-01-05 12:17:10,600 INFO 1 change detected
2026-01-05 12:17:16,495 INFO 1 change detected
2026-01-05 12:17:17,109 INFO 2 changes detected
2026-01-05 12:17:18,733 INFO 1 change detected
2026-01-05 12:17:21,175 INFO 3 changes detected
2026-01-05 12:17:21,781 INFO 2 changes detected
2026-01-05 12:17:22,393 INFO 1 change detected
2026-01-05 12:17:24,828 INFO 1 change detected
2026-01-05 12:17:25,436 INFO 1 change detected
2026-01-05 12:17:27,466 INFO 1 change detected
2026-01-05 12:17:29,493 INFO 3 changes detected
2026-01-05 12:17:30,107 INFO 1 change detected
2026-01-05 12:17:30,731 INFO 1 change detected
2026-01-05 12:17:33,373 INFO 1 change detected
2026-01-05 12:17:34,188 INFO 2 changes detected
2026-01-05 12:17:36,427 INFO 1 change detected
2026-01-05 12:17:38,041 INFO 4 changes detected
2026-01-05 12:17:38,656 INFO 2 changes detected
2026-01-05 12:17:39,265 INFO 1 change detected
2026-01-05 12:17:40,279 INFO 1 change detected
2026-01-05 12:17:40,892 INFO 2 changes detected
2026-01-05 12:17:41,502 INFO 1 change detected
2026-01-05 12:17:42,114 INFO 1 change detected
2026-01-05 12:17:42,927 INFO 1 change detected
2026-01-05 12:17:44,154 INFO 1 change detected
2026-01-05 12:17:44,960 INFO 3 changes detected
2026-01-05 12:17:45,575 INFO 1 change detected
2026-01-05 12:17:45,981 INFO 1 change detected
2026-01-05 12:18:34,290 INFO 1 change detected
2026-01-05 12:18:34,905 INFO 1 change detected
2026-01-05 12:18:35,925 INFO 1 change detected
2026-01-05 12:18:39,796 INFO 1 change detected
2026-01-05 12:18:40,617 INFO 1 change detected
2026-01-05 12:18:42,036 INFO 1 change detected
2026-01-05 12:18:45,278 INFO 3 changes detected
2026-01-05 12:18:45,685 INFO 1 change detected
2026-01-05 12:18:46,300 INFO 1 change detected
2026-01-05 12:19:02,745 INFO 1 change detected
2026-01-05 12:19:03,968 INFO 2 changes detected
2026-01-05 12:19:08,841 INFO 3 changes detected
2026-01-05 12:19:09,458 INFO 1 change detected
2026-01-05 12:19:10,069 INFO 1 change detected
2026-01-05 12:19:45,439 INFO 1 change detected
2026-01-05 12:19:46,253 INFO 1 change detected
2026-01-05 12:19:48,074 INFO 1 change detected
2026-01-05 12:19:50,712 INFO 3 changes detected
2026-01-05 12:19:51,122 INFO 1 change detected
2026-01-05 12:19:51,737 INFO 1 change detected
2026-01-05 12:19:52,342 INFO 1 change detected
2026-01-05 12:19:53,160 INFO 1 change detected
2026-01-05 12:19:58,874 INFO 3 changes detected
2026-01-05 12:19:59,481 INFO 1 change detected
2026-01-05 12:20:00,497 INFO 1 change detected
2026-01-05 12:20:12,479 INFO 1 change detected
2026-01-05 12:20:13,089 INFO 2 changes detected
2026-01-05 12:20:16,942 INFO 3 changes detected
2026-01-05 12:20:17,551 INFO 1 change detected
2026-01-05 12:20:18,357 INFO 2 changes detected
2026-01-05 12:20:35,001 INFO 1 change detected
2026-01-05 12:20:35,609 INFO 1 change detected
2026-01-05 12:20:41,521 INFO 3 changes detected
2026-01-05 12:20:42,134 INFO 2 changes detected
2026-01-05 12:20:42,750 INFO 1 change detected
2026-01-05 12:20:53,125 INFO 1 change detected
2026-01-05 12:21:33,091 INFO 3 changes detected
2026-01-05 12:21:33,499 INFO 1 change detected
2026-01-05 12:21:33,909 INFO 1 change detected
2026-01-05 12:21:59,721 INFO 1 change detected
2026-01-05 12:22:00,527 INFO 1 change detected
2026-01-05 12:22:05,184 INFO 4 changes detected
2026-01-05 12:22:05,592 INFO 1 change detected
2026-01-05 12:22:06,203 INFO 1 change detected
2026-01-05 12:22:06,815 INFO 1 change detected
2026-01-05 12:22:07,627 INFO 2 changes detected
2026-01-05 12:22:08,235 INFO 1 change detected
2026-01-05 12:22:11,497 INFO 4 changes detected
2026-01-05 12:22:11,905 INFO 2 changes detected
2026-01-05 12:22:12,716 INFO 1 change detected
2026-01-05 12:22:15,566 INFO 2 changes detected
2026-01-05 12:22:55,893 INFO 3 changes detected
2026-01-05 12:22:56,509 INFO 1 change detected
2026-01-05 12:22:57,116 INFO 1 change detected
2026-01-05 12:24:14,951 INFO 1 change detected
2026-01-05 12:24:15,768 INFO 1 change detected
2026-01-05 12:24:16,994 INFO 1 change detected
2026-01-05 12:24:17,806 INFO 1 change detected
2026-01-05 12:24:20,459 INFO 4 changes detected
2026-01-05 12:24:20,862 INFO 1 change detected
2026-01-05 12:24:21,475 INFO 1 change detected
2026-01-05 12:24:27,983 INFO 1 change detected
2026-01-05 12:24:28,794 INFO 1 change detected
2026-01-05 12:24:30,415 INFO 1 change detected
2026-01-05 12:24:32,646 INFO 1 change detected
2026-01-05 12:24:33,055 INFO 3 changes detected
2026-01-05 12:24:33,662 INFO 2 changes detected
2026-01-05 12:24:34,267 INFO 1 change detected
2026-01-05 12:24:36,697 INFO 1 change detected
2026-01-05 12:24:37,711 INFO 3 changes detected
2026-01-05 12:24:40,146 INFO 1 change detected
2026-01-05 12:24:41,958 INFO 3 changes detected
2026-01-05 12:24:42,564 INFO 2 changes detected
2026-01-05 12:24:43,179 INFO 1 change detected
2026-01-05 12:24:49,679 INFO 1 change detected
2026-01-05 12:24:50,487 INFO 2 changes detected
2026-01-05 12:24:51,097 INFO 1 change detected
2026-01-05 12:24:52,928 INFO 1 change detected
2026-01-05 12:24:54,348 INFO 3 changes detected
2026-01-05 12:24:54,959 INFO 1 change detected
2026-01-05 12:24:55,566 INFO 1 change detected
2026-01-05 12:24:58,817 INFO 1 change detected
2026-01-05 12:24:59,634 INFO 2 changes detected
2026-01-05 12:25:00,041 INFO 1 change detected
2026-01-05 12:25:05,331 INFO 1 change detected
2026-01-05 12:25:11,017 INFO 1 change detected
2026-01-05 12:25:12,041 INFO 1 change detected
2026-01-05 12:25:16,497 INFO 3 changes detected
2026-01-05 12:25:17,106 INFO 1 change detected
2026-01-05 12:25:17,719 INFO 1 change detected
2026-01-05 12:25:24,012 INFO 1 change detected
2026-01-05 12:26:04,256 INFO 3 changes detected
2026-01-05 12:26:04,868 INFO 1 change detected
2026-01-05 12:26:05,278 INFO 1 change detected
2026-01-05 16:14:32,203 INFO 1 change detected
2026-01-05 16:21:23,048 INFO 1 change detected
2026-01-05 16:21:34,432 INFO 1 change detected
2026-01-05 16:22:30,833 INFO 1 change detected
2026-01-05 16:22:31,649 INFO 1 change detected
2026-01-05 16:22:34,704 INFO 4 changes detected
2026-01-05 16:22:35,115 INFO 1 change detected
2026-01-05 16:23:39,724 INFO 1 change detected
2026-01-05 16:23:40,335 INFO 1 change detected
2026-01-05 16:23:43,174 INFO 3 changes detected
2026-01-05 16:23:43,580 INFO 1 change detected
2026-01-05 16:23:43,986 INFO 1 change detected
2026-01-05 16:26:44,706 INFO 1 change detected
2026-01-05 16:26:45,317 INFO 1 change detected
2026-01-05 16:26:54,033 INFO 1 change detected
2026-01-05 16:26:57,475 INFO 3 changes detected
2026-01-05 16:26:57,878 INFO 1 change detected
2026-01-05 16:27:43,747 INFO 1 change detected
2026-01-05 16:27:44,560 INFO 1 change detected
2026-01-05 16:27:47,814 INFO 4 changes detected
2026-01-05 16:27:48,224 INFO 1 change detected
2026-01-05 16:28:23,093 INFO 1 change detected
2026-01-05 16:28:23,708 INFO 1 change detected
2026-01-05 16:28:26,759 INFO 5 changes detected
2026-01-05 16:28:27,168 INFO 1 change detected
2026-01-05 16:28:31,634 INFO 1 change detected
2026-01-05 16:28:32,243 INFO 2 changes detected
2026-01-05 16:28:36,109 INFO 1 change detected
2026-01-05 16:28:37,124 INFO 1 change detected
2026-01-05 16:28:39,570 INFO 4 changes detected
2026-01-05 16:28:40,181 INFO 1 change detected
2026-01-05 16:29:00,701 INFO 1 change detected
2026-01-05 16:29:01,315 INFO 2 changes detected
2026-01-05 16:29:04,364 INFO 3 changes detected
2026-01-05 16:29:04,770 INFO 1 change detected
2026-01-05 16:29:30,819 INFO 1 change detected
2026-01-05 16:29:31,428 INFO 2 changes detected
2026-01-05 16:29:34,472 INFO 4 changes detected
2026-01-05 16:29:34,879 INFO 1 change detected
2026-01-05 16:29:47,872 INFO 1 change detected
2026-01-05 16:29:48,683 INFO 2 changes detected
2026-01-05 16:29:51,318 INFO 3 changes detected
2026-01-05 16:29:51,729 INFO 1 change detected
2026-01-05 16:29:52,134 INFO 1 change detected
2026-01-05 16:29:54,372 INFO 1 change detected
2026-01-05 16:29:55,183 INFO 2 changes detected
2026-01-05 16:29:56,402 INFO 1 change detected
2026-01-05 16:29:57,013 INFO 1 change detected
2026-01-05 16:29:58,024 INFO 4 changes detected
2026-01-05 16:29:58,432 INFO 1 change detected
2026-01-05 16:29:59,241 INFO 1 change detected
2026-01-05 16:29:59,649 INFO 2 changes detected
2026-01-05 16:30:02,285 INFO 4 changes detected
2026-01-05 16:30:02,689 INFO 1 change detected
2026-01-05 16:30:10,613 INFO 1 change detected
2026-01-05 16:30:11,223 INFO 1 change detected
2026-01-05 16:30:12,246 INFO 1 change detected
2026-01-05 16:30:14,474 INFO 4 changes detected
2026-01-05 16:30:14,882 INFO 1 change detected
2026-01-05 16:30:24,428 INFO 1 change detected
2026-01-05 16:30:25,246 INFO 2 changes detected
2026-01-05 16:30:28,292 INFO 4 changes detected
2026-01-05 16:30:28,705 INFO 1 change detected
2026-01-05 16:30:31,344 INFO 1 change detected
2026-01-05 16:30:31,750 INFO 2 changes detected
2026-01-05 16:30:32,767 INFO 1 change detected
2026-01-05 16:30:34,581 INFO 3 changes detected
2026-01-05 16:30:34,987 INFO 1 change detected
2026-01-05 16:30:35,397 INFO 1 change detected
2026-01-05 16:30:35,808 INFO 1 change detected
2026-01-05 16:30:36,214 INFO 2 changes detected
2026-01-05 16:30:38,846 INFO 4 changes detected
2026-01-05 16:30:39,251 INFO 1 change detected
2026-01-05 16:32:26,000 INFO 1 change detected
2026-01-05 16:32:26,613 INFO 1 change detected
2026-01-05 16:32:29,460 INFO 3 changes detected
2026-01-05 16:32:29,868 INFO 1 change detected
2026-01-05 16:32:30,278 INFO 1 change detected
2026-01-05 16:33:13,516 INFO 1 change detected
2026-01-05 16:33:14,334 INFO 1 change detected
2026-01-05 16:33:17,369 INFO 3 changes detected
2026-01-05 16:33:17,777 INFO 1 change detected
2026-01-05 16:33:18,184 INFO 1 change detected
2026-01-05 16:33:28,342 INFO 1 change detected
2026-01-05 16:33:28,951 INFO 2 changes detected
2026-01-05 16:33:32,181 INFO 1 change detected
2026-01-05 16:33:33,400 INFO 1 change detected
2026-01-05 16:33:35,026 INFO 1 change detected
2026-01-05 16:33:35,640 INFO 4 changes detected
2026-01-05 16:33:36,049 INFO 1 change detected
2026-01-05 16:34:01,436 INFO 1 change detected
2026-01-05 16:34:02,047 INFO 2 changes detected
2026-01-05 16:34:05,094 INFO 3 changes detected
2026-01-05 16:34:05,500 INFO 1 change detected
2026-01-05 16:34:05,930 INFO 1 change detected
2026-01-05 16:34:07,148 INFO 1 change detected
2026-01-05 16:34:07,760 INFO 2 changes detected
2026-01-05 16:34:10,607 INFO 4 changes detected
2026-01-05 16:34:11,045 INFO 1 change detected
2026-01-05 16:34:12,259 INFO 1 change detected
2026-01-05 16:34:12,873 INFO 2 changes detected
2026-01-05 16:34:15,510 INFO 3 changes detected
2026-01-05 16:34:15,920 INFO 1 change detected
2026-01-05 16:34:16,327 INFO 2 changes detected
2026-01-05 16:34:21,417 INFO 1 change detected
2026-01-05 16:34:22,027 INFO 2 changes detected
2026-01-05 16:34:24,457 INFO 4 changes detected
2026-01-05 16:34:24,866 INFO 1 change detected
2026-01-05 16:34:25,675 INFO 1 change detected
2026-01-05 16:34:26,082 INFO 2 changes detected
2026-01-05 16:34:28,324 INFO 3 changes detected
2026-01-05 16:34:28,732 INFO 1 change detected
2026-01-05 16:34:29,138 INFO 1 change detected
2026-01-05 16:34:44,581 INFO 1 change detected
2026-01-05 16:34:45,194 INFO 1 change detected
2026-01-05 16:34:48,057 INFO 3 changes detected
2026-01-05 16:34:48,468 INFO 1 change detected
2026-01-05 16:34:48,878 INFO 1 change detected
2026-01-05 16:34:49,491 INFO 1 change detected
2026-01-05 16:34:49,904 INFO 2 changes detected
2026-01-05 16:34:52,348 INFO 3 changes detected
2026-01-05 16:34:52,752 INFO 1 change detected
2026-01-05 16:34:53,158 INFO 1 change detected
2026-01-05 16:34:54,791 INFO 1 change detected
2026-01-05 16:34:55,199 INFO 2 changes detected
2026-01-05 16:34:57,840 INFO 4 changes detected
2026-01-05 16:34:58,248 INFO 1 change detected
2026-01-05 16:35:01,311 INFO 1 change detected
2026-01-05 16:35:01,924 INFO 2 changes detected
2026-01-05 16:35:04,761 INFO 4 changes detected
2026-01-05 16:35:05,170 INFO 1 change detected
2026-01-05 16:35:16,544 INFO 1 change detected
2026-01-05 16:35:17,156 INFO 2 changes detected
2026-01-05 16:35:24,057 INFO 1 change detected
2026-01-05 16:35:27,515 INFO 3 changes detected
2026-01-05 16:35:27,921 INFO 1 change detected
2026-01-05 16:35:28,331 INFO 1 change detected
2026-01-05 16:37:00,764 INFO 1 change detected
2026-01-05 16:37:01,376 INFO 1 change detected
2026-01-05 16:37:04,402 INFO 4 changes detected
2026-01-05 16:37:05,013 INFO 1 change detected
2026-01-05 16:37:06,425 INFO 1 change detected
2026-01-05 16:37:07,035 INFO 2 changes detected
2026-01-05 16:37:09,467 INFO 3 changes detected
2026-01-05 16:37:09,876 INFO 1 change detected
2026-01-05 16:37:10,282 INFO 2 changes detected
2026-01-05 16:37:30,604 INFO 1 change detected
2026-01-05 16:37:31,210 INFO 2 changes detected
2026-01-05 16:37:33,455 INFO 1 change detected
2026-01-05 16:37:34,475 INFO 4 changes detected
2026-01-05 16:37:34,884 INFO 1 change detected
2026-01-05 16:37:48,687 INFO 1 change detected
2026-01-05 16:37:49,299 INFO 2 changes detected
2026-01-05 16:37:52,150 INFO 3 changes detected
2026-01-05 16:37:52,557 INFO 1 change detected
2026-01-05 16:37:52,963 INFO 1 change detected
2026-01-05 16:38:28,133 INFO 1 change detected
2026-01-05 16:38:28,746 INFO 1 change detected
2026-01-05 16:38:31,998 INFO 5 changes detected
2026-01-05 16:38:37,093 INFO 1 change detected
2026-01-05 16:38:37,701 INFO 1 change detected
2026-01-05 16:38:38,516 INFO 1 change detected
2026-01-05 16:38:40,742 INFO 4 changes detected
2026-01-05 16:38:41,351 INFO 1 change detected
2026-01-05 16:38:41,960 INFO 1 change detected
2026-01-05 16:38:42,568 INFO 2 changes detected
2026-01-05 16:38:45,208 INFO 4 changes detected
2026-01-05 16:38:45,621 INFO 1 change detected
2026-01-05 16:39:05,709 INFO 1 change detected
2026-01-05 16:39:06,322 INFO 1 change detected
2026-01-05 16:39:09,174 INFO 3 changes detected
2026-01-05 16:39:09,582 INFO 1 change detected
2026-01-05 16:39:09,989 INFO 1 change detected
2026-01-05 16:39:21,954 INFO 1 change detected
2026-01-05 16:39:22,770 INFO 2 changes detected
2026-01-05 16:39:25,408 INFO 3 changes detected
2026-01-05 16:39:25,812 INFO 1 change detected
2026-01-05 16:39:26,222 INFO 1 change detected
2026-01-05 16:39:35,156 INFO 1 change detected
2026-01-05 16:39:35,769 INFO 1 change detected
2026-01-05 16:39:38,414 INFO 3 changes detected
2026-01-05 16:39:38,820 INFO 1 change detected
2026-01-05 16:39:46,314 INFO 1 change detected
2026-01-05 16:39:46,924 INFO 2 changes detected
2026-01-05 16:39:49,362 INFO 3 changes detected
2026-01-05 16:39:49,769 INFO 1 change detected
2026-01-05 16:39:50,172 INFO 1 change detected
2026-01-05 16:39:53,818 INFO 1 change detected
2026-01-05 16:39:54,429 INFO 2 changes detected
2026-01-05 16:39:56,862 INFO 3 changes detected
2026-01-05 16:39:57,270 INFO 1 change detected
2026-01-05 16:39:57,679 INFO 1 change detected
2026-01-05 16:46:21,895 INFO 1 change detected
2026-01-05 16:47:14,340 INFO 1 change detected
2026-01-05 16:48:17,523 INFO 1 change detected
2026-01-05 17:28:11,059 INFO 1 change detected
2026-01-05 17:28:16,540 INFO 1 change detected
2026-01-05 17:28:17,353 INFO 1 change detected
2026-01-05 17:28:18,781 INFO 1 change detected
2026-01-05 17:28:20,605 INFO 4 changes detected
2026-01-05 17:28:21,014 INFO 1 change detected
2026-01-05 17:28:26,491 INFO 1 change detected
2026-01-05 17:28:27,104 INFO 2 changes detected
2026-01-05 17:28:29,944 INFO 4 changes detected
2026-01-05 17:28:30,348 INFO 1 change detected
2026-01-05 17:28:45,183 INFO 1 change detected
2026-01-05 17:28:45,797 INFO 1 change detected
2026-01-05 17:28:47,856 INFO 1 change detected
2026-01-05 17:28:48,669 INFO 3 changes detected
2026-01-05 17:28:49,081 INFO 1 change detected
2026-01-05 17:28:49,484 INFO 1 change detected
2026-01-05 17:28:51,103 INFO 1 change detected
2026-01-05 17:28:51,711 INFO 2 changes detected
2026-01-05 17:28:54,149 INFO 3 changes detected
2026-01-05 17:28:54,551 INFO 1 change detected
2026-01-05 17:28:54,960 INFO 1 change detected
2026-01-05 17:41:51,677 INFO 1 change detected
2026-01-05 17:42:09,381 INFO 3 changes detected
2026-01-05 17:42:09,993 INFO 1 change detected
2026-01-05 17:42:44,495 INFO 1 change detected
2026-01-05 17:42:45,304 INFO 1 change detected
2026-01-05 17:42:48,352 INFO 4 changes detected
2026-01-05 17:42:48,765 INFO 1 change detected
2026-01-05 17:42:51,000 INFO 1 change detected
2026-01-05 17:42:51,613 INFO 2 changes detected
2026-01-05 17:42:54,259 INFO 3 changes detected
2026-01-05 17:42:54,665 INFO 1 change detected
2026-01-05 17:42:56,497 INFO 1 change detected
2026-01-05 17:42:57,303 INFO 2 changes detected
2026-01-05 17:42:59,746 INFO 3 changes detected
2026-01-05 17:43:00,156 INFO 1 change detected
2026-01-05 17:43:01,976 INFO 1 change detected
2026-01-05 17:43:02,588 INFO 2 changes detected
2026-01-05 17:43:05,628 INFO 5 changes detected
2026-01-05 17:43:22,050 INFO 3 changes detected
2026-01-05 17:43:22,457 INFO 1 change detected
2026-01-05 17:43:22,869 INFO 1 change detected
2026-01-05 17:43:54,183 INFO 1 change detected
2026-01-05 17:43:54,990 INFO 1 change detected
2026-01-05 17:43:57,635 INFO 3 changes detected
2026-01-05 17:43:58,250 INFO 3 changes detected
2026-01-05 17:44:26,091 INFO 4 changes detected
2026-01-05 17:44:26,499 INFO 1 change detected
2026-01-05 17:48:11,738 INFO 1 change detected
2026-01-05 17:49:56,164 INFO 1 change detected
2026-01-05 17:49:56,975 INFO 1 change detected
2026-01-05 17:49:59,599 INFO 1 change detected
2026-01-05 17:50:05,090 INFO 1 change detected
2026-01-05 17:50:09,165 INFO 1 change detected
2026-01-05 17:50:12,012 INFO 1 change detected
2026-01-05 17:50:18,926 INFO 1 change detected
2026-01-05 17:50:21,966 INFO 4 changes detected
2026-01-05 17:50:22,373 INFO 1 change detected
2026-01-05 17:50:30,497 INFO 1 change detected
2026-01-05 17:50:31,113 INFO 1 change detected
2026-01-05 17:50:34,760 INFO 1 change detected
2026-01-05 17:50:37,595 INFO 3 changes detected
2026-01-05 17:50:38,018 INFO 1 change detected
2026-01-05 17:50:38,421 INFO 1 change detected
2026-01-05 17:51:23,748 INFO 1 change detected
2026-01-05 17:51:24,357 INFO 1 change detected
2026-01-05 17:51:27,400 INFO 4 changes detected
2026-01-05 17:51:27,806 INFO 1 change detected
2026-01-05 17:51:38,757 INFO 1 change detected
2026-01-05 17:51:39,369 INFO 1 change detected
2026-01-05 17:51:49,109 INFO 1 change detected
2026-01-05 17:51:52,562 INFO 4 changes detected
2026-01-05 17:51:52,967 INFO 1 change detected
2026-01-05 17:52:58,368 INFO 1 change detected
2026-01-05 17:52:59,186 INFO 1 change detected
2026-01-05 17:53:01,005 INFO 1 change detected
2026-01-05 17:53:02,430 INFO 4 changes detected
2026-01-05 17:53:02,838 INFO 1 change detected
2026-01-05 17:53:11,176 INFO 1 change detected
2026-01-05 17:53:11,783 INFO 2 changes detected
2026-01-05 17:53:14,429 INFO 3 changes detected
2026-01-05 17:53:14,838 INFO 1 change detected
2026-01-05 17:53:16,863 INFO 1 change detected
2026-01-05 17:53:17,470 INFO 2 changes detected
2026-01-05 17:53:20,526 INFO 3 changes detected
2026-01-05 17:53:20,931 INFO 1 change detected
2026-01-05 17:53:21,541 INFO 1 change detected
2026-01-05 17:53:26,612 INFO 1 change detected
2026-01-05 17:53:27,220 INFO 2 changes detected
2026-01-05 17:53:29,446 INFO 3 changes detected
2026-01-05 17:53:29,851 INFO 1 change detected
2026-01-05 17:53:34,123 INFO 1 change detected
2026-01-05 17:53:34,731 INFO 1 change detected
2026-01-05 17:53:37,371 INFO 3 changes detected
2026-01-05 17:53:37,776 INFO 1 change detected
2026-01-05 17:53:54,202 INFO 1 change detected
2026-01-05 17:53:54,611 INFO 2 changes detected
2026-01-05 17:53:57,658 INFO 3 changes detected
2026-01-05 17:53:58,067 INFO 1 change detected
2026-01-05 17:53:58,474 INFO 1 change detected
2026-01-05 17:53:59,686 INFO 1 change detected
2026-01-05 17:54:00,291 INFO 1 change detected
2026-01-05 17:54:02,922 INFO 4 changes detected
2026-01-05 17:54:03,333 INFO 1 change detected
2026-01-05 17:54:04,966 INFO 1 change detected
2026-01-05 17:54:05,575 INFO 2 changes detected
2026-01-05 17:54:08,009 INFO 4 changes detected
2026-01-05 17:54:08,418 INFO 1 change detected
2026-01-05 17:54:25,483 INFO 1 change detected
2026-01-05 17:54:26,092 INFO 2 changes detected
2026-01-05 17:54:29,938 INFO 1 change detected
2026-01-05 17:54:32,782 INFO 3 changes detected
2026-01-05 17:54:33,392 INFO 2 changes detected
2026-01-05 17:54:43,547 INFO 1 change detected
2026-01-05 17:54:44,159 INFO 2 changes detected
2026-01-05 17:54:46,807 INFO 3 changes detected
2026-01-05 17:54:47,213 INFO 1 change detected
2026-01-05 17:54:47,620 INFO 1 change detected
2026-01-05 17:54:58,214 INFO 1 change detected
2026-01-05 17:54:59,025 INFO 2 changes detected
2026-01-05 17:55:01,053 INFO 1 change detected
2026-01-05 17:55:02,071 INFO 3 changes detected
2026-01-05 17:55:02,478 INFO 1 change detected
2026-01-05 17:55:02,888 INFO 1 change detected
2026-01-05 17:55:06,340 INFO 1 change detected
2026-01-05 17:55:06,950 INFO 2 changes detected
2026-01-05 17:55:09,597 INFO 3 changes detected
2026-01-05 17:55:10,003 INFO 1 change detected
2026-01-05 17:55:10,412 INFO 1 change detected
2026-01-05 17:55:16,498 INFO 1 change detected
2026-01-05 17:55:17,105 INFO 2 changes detected
2026-01-05 17:55:19,939 INFO 4 changes detected
2026-01-05 17:55:20,750 INFO 2 changes detected
2026-01-05 17:58:44,879 INFO 1 change detected
2026-01-05 17:58:45,494 INFO 1 change detected
2026-01-05 17:58:48,736 INFO 4 changes detected
2026-01-05 17:58:49,143 INFO 1 change detected
2026-01-05 17:58:50,180 INFO 1 change detected
2026-01-05 17:58:50,783 INFO 2 changes detected
2026-01-05 17:58:52,019 INFO 1 change detected
2026-01-05 17:58:57,703 INFO 1 change detected
2026-01-05 17:58:59,123 INFO 1 change detected
2026-01-05 17:59:00,735 INFO 3 changes detected
2026-01-05 17:59:01,145 INFO 1 change detected
2026-01-05 17:59:01,550 INFO 1 change detected
2026-01-05 17:59:02,566 INFO 1 change detected
2026-01-05 17:59:02,971 INFO 2 changes detected
2026-01-05 17:59:05,400 INFO 3 changes detected
2026-01-05 17:59:05,807 INFO 1 change detected
2026-01-05 17:59:06,214 INFO 1 change detected
2026-01-05 18:00:09,175 INFO 1 change detected
2026-01-05 18:00:10,043 INFO 1 change detected
2026-01-05 18:00:13,292 INFO 4 changes detected
2026-01-05 18:00:13,698 INFO 1 change detected
2026-01-05 18:00:29,336 INFO 1 change detected
2026-01-05 18:00:29,944 INFO 1 change detected
2026-01-05 18:00:32,773 INFO 3 changes detected
2026-01-05 18:00:33,181 INFO 1 change detected
2026-01-05 18:00:33,589 INFO 1 change detected
2026-01-05 18:00:45,777 INFO 1 change detected
2026-01-05 18:00:46,387 INFO 2 changes detected
2026-01-05 18:00:50,247 INFO 1 change detected
2026-01-05 18:00:52,691 INFO 1 change detected
2026-01-05 18:00:53,303 INFO 4 changes detected
2026-01-05 18:00:53,712 INFO 1 change detected
2026-01-05 18:00:58,184 INFO HTTP Request: POST https://api.mistral.ai/v1/chat/completions#stream "HTTP/1.1 200 OK"
2026-01-05 18:01:03,051 INFO HTTP Request: POST https://api.mistral.ai/v1/chat/completions#stream "HTTP/1.1 200 OK"
2026-01-05 18:01:04,040 INFO HTTP Request: POST https://api.mistral.ai/v1/chat/completions#stream "HTTP/1.1 200 OK"
2026-01-05 18:01:05,327 INFO HTTP Request: POST https://api.mistral.ai/v1/chat/completions#stream "HTTP/1.1 200 OK"
2026-01-05 18:01:06,424 INFO HTTP Request: POST https://api.mistral.ai/v1/chat/completions#stream "HTTP/1.1 200 OK"
2026-01-05 18:01:07,353 INFO HTTP Request: POST https://api.mistral.ai/v1/chat/completions#stream "HTTP/1.1 200 OK"
2026-01-05 18:01:08,395 INFO HTTP Request: POST https://api.mistral.ai/v1/chat/completions#stream "HTTP/1.1 200 OK"
2026-01-05 18:01:22,886 INFO HTTP Request: POST https://api.mistral.ai/v1/chat/completions#stream "HTTP/1.1 200 OK"
2026-01-05 18:01:23,365 INFO 1 change detected
2026-01-05 18:01:24,851 INFO HTTP Request: POST https://api.mistral.ai/v1/chat/completions#stream "HTTP/1.1 200 OK"
2026-01-05 18:01:25,411 INFO 1 change detected
2026-01-05 18:01:26,386 INFO HTTP Request: POST https://api.mistral.ai/v1/chat/completions#stream "HTTP/1.1 200 OK"
2026-01-05 18:01:27,061 INFO 1 change detected
2026-01-05 18:01:30,592 INFO HTTP Request: POST https://api.mistral.ai/v1/chat/completions#stream "HTTP/1.1 200 OK"
2026-01-05 18:01:30,970 INFO 1 change detected
2026-01-05 18:01:32,805 INFO HTTP Request: POST https://api.mistral.ai/v1/chat/completions#stream "HTTP/1.1 200 OK"
2026-01-05 18:01:34,685 INFO HTTP Request: POST https://api.mistral.ai/v1/chat/completions#stream "HTTP/1.1 200 OK"
2026-01-05 18:01:36,247 INFO HTTP Request: POST https://api.mistral.ai/v1/chat/completions#stream "HTTP/1.1 200 OK"
2026-01-05 18:01:37,907 INFO HTTP Request: POST https://api.mistral.ai/v1/chat/completions#stream "HTTP/1.1 200 OK"
2026-01-05 18:01:42,235 INFO HTTP Request: POST https://api.mistral.ai/v1/chat/completions#stream "HTTP/1.1 200 OK"
2026-01-05 18:01:43,634 INFO HTTP Request: POST https://api.mistral.ai/v1/chat/completions#stream "HTTP/1.1 200 OK"
2026-01-05 18:01:48,098 INFO HTTP Request: POST https://api.mistral.ai/v1/chat/completions#stream "HTTP/1.1 200 OK"
2026-01-05 18:01:51,525 INFO HTTP Request: POST https://api.mistral.ai/v1/chat/completions#stream "HTTP/1.1 200 OK"
2026-01-05 18:01:52,585 INFO HTTP Request: POST https://api.mistral.ai/v1/chat/completions#stream "HTTP/1.1 200 OK"
2026-01-05 18:01:54,115 INFO HTTP Request: POST https://api.mistral.ai/v1/chat/completions#stream "HTTP/1.1 200 OK"
2026-01-05 18:01:54,629 INFO 1 change detected
2026-01-05 18:01:55,446 INFO HTTP Request: POST https://api.mistral.ai/v1/chat/completions#stream "HTTP/1.1 200 OK"
2026-01-05 18:01:56,584 INFO HTTP Request: POST https://api.mistral.ai/v1/chat/completions#stream "HTTP/1.1 200 OK"
2026-01-05 18:01:58,484 INFO HTTP Request: POST https://api.mistral.ai/v1/chat/completions#stream "HTTP/1.1 200 OK"
2026-01-05 18:01:59,728 INFO HTTP Request: POST https://api.mistral.ai/v1/chat/completions#stream "HTTP/1.1 200 OK"
2026-01-05 18:02:00,986 INFO HTTP Request: POST https://api.mistral.ai/v1/chat/completions#stream "HTTP/1.1 200 OK"
2026-01-05 18:02:02,114 INFO HTTP Request: POST https://api.mistral.ai/v1/chat/completions#stream "HTTP/1.1 200 OK"
2026-01-05 18:02:03,509 INFO HTTP Request: POST https://api.mistral.ai/v1/chat/completions#stream "HTTP/1.1 200 OK"
2026-01-05 18:02:04,984 INFO HTTP Request: POST https://api.mistral.ai/v1/chat/completions#stream "HTTP/1.1 200 OK"
2026-01-05 18:02:06,001 INFO HTTP Request: POST https://api.mistral.ai/v1/chat/completions#stream "HTTP/1.1 200 OK"
2026-01-05 18:02:07,323 INFO HTTP Request: POST https://api.mistral.ai/v1/chat/completions#stream "HTTP/1.1 200 OK"
2026-01-05 18:02:08,584 INFO HTTP Request: POST https://api.mistral.ai/v1/chat/completions#stream "HTTP/1.1 200 OK"
2026-01-05 18:02:09,746 INFO HTTP Request: POST https://api.mistral.ai/v1/chat/completions#stream "HTTP/1.1 200 OK"
2026-01-05 18:02:10,907 INFO HTTP Request: POST https://api.mistral.ai/v1/chat/completions#stream "HTTP/1.1 200 OK"
2026-01-05 18:02:12,443 INFO HTTP Request: POST https://api.mistral.ai/v1/chat/completions#stream "HTTP/1.1 200 OK"
2026-01-05 18:02:13,578 INFO HTTP Request: POST https://api.mistral.ai/v1/chat/completions#stream "HTTP/1.1 200 OK"
2026-01-05 18:02:15,005 INFO HTTP Request: POST https://api.mistral.ai/v1/chat/completions#stream "HTTP/1.1 200 OK"
2026-01-05 18:02:16,189 INFO HTTP Request: POST https://api.mistral.ai/v1/chat/completions#stream "HTTP/1.1 200 OK"
2026-01-05 18:02:17,584 INFO HTTP Request: POST https://api.mistral.ai/v1/chat/completions#stream "HTTP/1.1 200 OK"
2026-01-05 18:02:18,693 INFO HTTP Request: POST https://api.mistral.ai/v1/chat/completions#stream "HTTP/1.1 200 OK"
2026-01-05 18:02:20,084 INFO HTTP Request: POST https://api.mistral.ai/v1/chat/completions#stream "HTTP/1.1 200 OK"
2026-01-05 18:02:21,355 INFO HTTP Request: POST https://api.mistral.ai/v1/chat/completions#stream "HTTP/1.1 200 OK"
2026-01-05 18:02:22,588 INFO HTTP Request: POST https://api.mistral.ai/v1/chat/completions#stream "HTTP/1.1 200 OK"
2026-01-05 18:02:24,025 INFO HTTP Request: POST https://api.mistral.ai/v1/chat/completions#stream "HTTP/1.1 200 OK"
2026-01-05 18:02:25,444 INFO HTTP Request: POST https://api.mistral.ai/v1/chat/completions#stream "HTTP/1.1 200 OK"
2026-01-05 18:02:26,659 INFO HTTP Request: POST https://api.mistral.ai/v1/chat/completions#stream "HTTP/1.1 200 OK"
2026-01-05 18:02:28,028 INFO HTTP Request: POST https://api.mistral.ai/v1/chat/completions#stream "HTTP/1.1 200 OK"
2026-01-05 18:02:29,391 INFO HTTP Request: POST https://api.mistral.ai/v1/chat/completions#stream "HTTP/1.1 200 OK"
2026-01-05 18:02:39,970 INFO 1 change detected
2026-01-05 18:02:40,581 INFO 1 change detected
2026-01-05 18:02:40,991 INFO 1 change detected
2026-01-05 18:02:43,425 INFO 3 changes detected
2026-01-05 18:02:43,913 INFO 1 change detected
2026-01-05 18:02:56,749 INFO HTTP Request: POST https://api.mistral.ai/v1/chat/completions#stream "HTTP/1.1 200 OK"
2026-01-05 18:02:58,230 INFO HTTP Request: POST https://api.mistral.ai/v1/chat/completions#stream "HTTP/1.1 200 OK"
2026-01-05 18:02:59,736 INFO HTTP Request: POST https://api.mistral.ai/v1/chat/completions#stream "HTTP/1.1 200 OK"
2026-01-05 18:03:01,241 INFO HTTP Request: POST https://api.mistral.ai/v1/chat/completions#stream "HTTP/1.1 200 OK"
2026-01-05 18:03:02,833 INFO HTTP Request: POST https://api.mistral.ai/v1/chat/completions#stream "HTTP/1.1 200 OK"
2026-01-05 18:03:04,232 INFO HTTP Request: POST https://api.mistral.ai/v1/chat/completions#stream "HTTP/1.1 200 OK"
2026-01-05 18:03:05,715 INFO HTTP Request: POST https://api.mistral.ai/v1/chat/completions#stream "HTTP/1.1 200 OK"
2026-01-05 18:03:18,223 INFO HTTP Request: POST https://api.mistral.ai/v1/chat/completions#stream "HTTP/1.1 200 OK"
2026-01-05 18:03:19,214 INFO 1 change detected
2026-01-05 18:03:20,406 INFO HTTP Request: POST https://api.mistral.ai/v1/chat/completions#stream "HTTP/1.1 200 OK"
2026-01-05 18:03:21,983 INFO HTTP Request: POST https://api.mistral.ai/v1/chat/completions#stream "HTTP/1.1 200 OK"
2026-01-05 18:03:23,513 INFO HTTP Request: POST https://api.mistral.ai/v1/chat/completions#stream "HTTP/1.1 200 OK"
2026-01-05 18:03:25,178 INFO HTTP Request: POST https://api.mistral.ai/v1/chat/completions#stream "HTTP/1.1 200 OK"
2026-01-05 18:03:26,777 INFO HTTP Request: POST https://api.mistral.ai/v1/chat/completions#stream "HTTP/1.1 200 OK"
2026-01-05 18:03:28,677 INFO HTTP Request: POST https://api.mistral.ai/v1/chat/completions#stream "HTTP/1.1 200 OK"
2026-01-05 18:03:30,904 INFO HTTP Request: POST https://api.mistral.ai/v1/chat/completions#stream "HTTP/1.1 200 OK"
2026-01-05 18:03:32,293 INFO HTTP Request: POST https://api.mistral.ai/v1/chat/completions#stream "HTTP/1.1 200 OK"
2026-01-05 18:03:34,133 INFO HTTP Request: POST https://api.mistral.ai/v1/chat/completions#stream "HTTP/1.1 200 OK"
2026-01-05 18:03:35,787 INFO HTTP Request: POST https://api.mistral.ai/v1/chat/completions#stream "HTTP/1.1 200 OK"
2026-01-05 18:03:37,779 INFO HTTP Request: POST https://api.mistral.ai/v1/chat/completions#stream "HTTP/1.1 200 OK"
2026-01-05 18:03:39,178 INFO HTTP Request: POST https://api.mistral.ai/v1/chat/completions#stream "HTTP/1.1 200 OK"
2026-01-05 18:03:41,023 INFO HTTP Request: POST https://api.mistral.ai/v1/chat/completions#stream "HTTP/1.1 200 OK"
2026-01-05 18:03:42,880 INFO HTTP Request: POST https://api.mistral.ai/v1/chat/completions#stream "HTTP/1.1 200 OK"
2026-01-05 18:03:44,602 INFO HTTP Request: POST https://api.mistral.ai/v1/chat/completions#stream "HTTP/1.1 200 OK"
2026-01-12 17:31:56,207 INFO HTTP Request: GET https://pypi.org/simple/mistral-vibe/ "HTTP/1.1 200 OK"
2026-01-12 17:36:50,581 INFO HTTP Request: POST https://api.mistral.ai/v1/chat/completions#stream "HTTP/1.1 200 OK"
2026-01-12 17:38:26,074 INFO HTTP Request: POST https://api.mistral.ai/v1/chat/completions#stream "HTTP/1.1 200 OK"
2026-01-12 17:40:05,504 INFO HTTP Request: POST https://api.mistral.ai/v1/chat/completions#stream "HTTP/1.1 200 OK"
2026-01-12 17:41:25,291 INFO HTTP Request: POST https://api.mistral.ai/v1/chat/completions#stream "HTTP/1.1 200 OK"
2026-01-12 17:41:38,170 INFO HTTP Request: POST https://api.mistral.ai/v1/chat/completions#stream "HTTP/1.1 200 OK"
2026-01-12 17:41:39,784 INFO HTTP Request: POST https://api.mistral.ai/v1/chat/completions#stream "HTTP/1.1 200 OK"
2026-01-12 17:48:05,022 INFO Loaded 12 messages from previous session
2026-01-12 17:48:24,915 INFO HTTP Request: POST https://api.mistral.ai/v1/chat/completions#stream "HTTP/1.1 200 OK"
2026-01-12 17:48:45,236 INFO HTTP Request: POST https://api.mistral.ai/v1/chat/completions#stream "HTTP/1.1 200 OK"
2026-01-12 17:48:50,410 INFO HTTP Request: POST https://api.mistral.ai/v1/chat/completions#stream "HTTP/1.1 200 OK"
2026-01-12 17:48:53,207 INFO HTTP Request: POST https://api.mistral.ai/v1/chat/completions#stream "HTTP/1.1 200 OK"
2026-01-12 17:48:55,848 INFO HTTP Request: POST https://api.mistral.ai/v1/chat/completions#stream "HTTP/1.1 200 OK"
2026-01-12 17:48:58,308 INFO HTTP Request: POST https://api.mistral.ai/v1/chat/completions#stream "HTTP/1.1 200 OK"
2026-01-12 17:51:20,103 INFO HTTP Request: POST https://api.mistral.ai/v1/chat/completions#stream "HTTP/1.1 200 OK"
2026-01-12 17:51:21,725 INFO HTTP Request: POST https://api.mistral.ai/v1/chat/completions#stream "HTTP/1.1 200 OK"
2026-01-12 17:51:44,323 INFO HTTP Request: POST https://api.mistral.ai/v1/chat/completions#stream "HTTP/1.1 200 OK"
2026-01-12 17:51:46,596 INFO HTTP Request: POST https://api.mistral.ai/v1/chat/completions#stream "HTTP/1.1 200 OK"
2026-01-12 17:51:53,202 INFO HTTP Request: POST https://api.mistral.ai/v1/chat/completions#stream "HTTP/1.1 200 OK"
2026-01-12 17:52:18,190 INFO HTTP Request: POST https://api.mistral.ai/v1/chat/completions#stream "HTTP/1.1 200 OK"
2026-01-12 17:53:23,113 INFO HTTP Request: POST https://api.mistral.ai/v1/chat/completions#stream "HTTP/1.1 200 OK"
2026-01-12 17:53:26,999 INFO HTTP Request: POST https://api.mistral.ai/v1/chat/completions#stream "HTTP/1.1 200 OK"
2026-01-12 17:53:29,248 INFO HTTP Request: POST https://api.mistral.ai/v1/chat/completions#stream "HTTP/1.1 200 OK"
2026-01-12 18:00:19,881 INFO HTTP Request: POST https://api.mistral.ai/v1/chat/completions#stream "HTTP/1.1 200 OK"
2026-01-12 18:00:37,860 INFO HTTP Request: POST https://api.mistral.ai/v1/chat/completions#stream "HTTP/1.1 200 OK"
2026-01-12 18:00:44,560 INFO HTTP Request: POST https://api.mistral.ai/v1/chat/completions#stream "HTTP/1.1 200 OK"
2026-01-12 18:01:09,716 INFO HTTP Request: POST https://api.mistral.ai/v1/chat/completions#stream "HTTP/1.1 200 OK"
2026-01-12 18:02:40,506 INFO HTTP Request: POST https://api.mistral.ai/v1/chat/completions#stream "HTTP/1.1 200 OK"
2026-01-12 18:03:53,548 INFO HTTP Request: POST https://api.mistral.ai/v1/chat/completions#stream "HTTP/1.1 200 OK"
2026-01-12 18:04:55,644 INFO HTTP Request: POST https://api.mistral.ai/v1/chat/completions#stream "HTTP/1.1 200 OK"
2026-01-12 18:05:18,693 INFO HTTP Request: POST https://api.mistral.ai/v1/chat/completions#stream "HTTP/1.1 200 OK"
2026-01-12 18:05:29,847 INFO HTTP Request: POST https://api.mistral.ai/v1/chat/completions#stream "HTTP/1.1 200 OK"
2026-01-12 18:05:42,354 INFO HTTP Request: POST https://api.mistral.ai/v1/chat/completions#stream "HTTP/1.1 200 OK"
2026-01-12 18:06:00,881 INFO HTTP Request: POST https://api.mistral.ai/v1/chat/completions#stream "HTTP/1.1 200 OK"
2026-01-12 18:06:21,759 INFO HTTP Request: POST https://api.mistral.ai/v1/chat/completions#stream "HTTP/1.1 200 OK"
2026-01-12 18:08:22,750 INFO HTTP Request: POST https://api.mistral.ai/v1/chat/completions#stream "HTTP/1.1 200 OK"
2026-01-12 18:08:27,026 INFO HTTP Request: POST https://api.mistral.ai/v1/chat/completions#stream "HTTP/1.1 200 OK"
2026-01-12 18:08:41,978 INFO HTTP Request: POST https://api.mistral.ai/v1/chat/completions#stream "HTTP/1.1 200 OK"
2026-01-12 18:08:44,524 INFO HTTP Request: POST https://api.mistral.ai/v1/chat/completions#stream "HTTP/1.1 200 OK"
2026-01-12 18:08:58,040 INFO HTTP Request: POST https://api.mistral.ai/v1/chat/completions#stream "HTTP/1.1 200 OK"
2026-01-12 18:09:00,327 INFO HTTP Request: POST https://api.mistral.ai/v1/chat/completions#stream "HTTP/1.1 200 OK"
2026-01-12 18:09:03,331 INFO HTTP Request: POST https://api.mistral.ai/v1/chat/completions#stream "HTTP/1.1 200 OK"
2026-01-12 18:09:16,627 INFO HTTP Request: POST https://api.mistral.ai/v1/chat/completions#stream "HTTP/1.1 200 OK"
2026-01-12 18:10:19,033 INFO HTTP Request: POST https://api.mistral.ai/v1/chat/completions#stream "HTTP/1.1 200 OK"
2026-01-12 18:10:41,268 INFO HTTP Request: POST https://api.mistral.ai/v1/chat/completions#stream "HTTP/1.1 200 OK"
2026-01-12 18:10:52,632 INFO HTTP Request: POST https://api.mistral.ai/v1/chat/completions#stream "HTTP/1.1 200 OK"
2026-01-12 18:13:49,962 INFO HTTP Request: POST https://api.mistral.ai/v1/chat/completions#stream "HTTP/1.1 200 OK"
2026-01-12 18:14:01,662 INFO HTTP Request: POST https://api.mistral.ai/v1/chat/completions#stream "HTTP/1.1 200 OK"
2026-01-12 18:15:39,512 INFO HTTP Request: POST https://api.mistral.ai/v1/chat/completions#stream "HTTP/1.1 200 OK"
2026-01-12 18:16:21,231 INFO HTTP Request: POST https://api.mistral.ai/v1/chat/completions#stream "HTTP/1.1 200 OK"
2026-01-12 18:16:56,072 INFO HTTP Request: POST https://api.mistral.ai/v1/chat/completions#stream "HTTP/1.1 200 OK"
2026-01-12 18:17:19,194 INFO HTTP Request: POST https://api.mistral.ai/v1/chat/completions#stream "HTTP/1.1 200 OK"
2026-01-12 18:17:30,329 INFO HTTP Request: POST https://api.mistral.ai/v1/chat/completions#stream "HTTP/1.1 200 OK"
2026-01-12 18:17:43,679 INFO HTTP Request: POST https://api.mistral.ai/v1/chat/completions#stream "HTTP/1.1 200 OK"
2026-01-12 18:28:05,261 INFO HTTP Request: POST https://api.mistral.ai/v1/chat/completions#stream "HTTP/1.1 200 OK"
2026-01-12 18:28:09,002 INFO HTTP Request: POST https://api.mistral.ai/v1/chat/completions#stream "HTTP/1.1 200 OK"
2026-01-12 18:28:12,287 INFO HTTP Request: POST https://api.mistral.ai/v1/chat/completions#stream "HTTP/1.1 200 OK"
2026-01-12 18:28:57,885 INFO HTTP Request: POST https://api.mistral.ai/v1/chat/completions#stream "HTTP/1.1 200 OK"
2026-01-12 18:29:08,154 INFO HTTP Request: POST https://api.mistral.ai/v1/chat/completions#stream "HTTP/1.1 200 OK"
2026-01-12 18:29:11,941 INFO HTTP Request: POST https://api.mistral.ai/v1/chat/completions#stream "HTTP/1.1 200 OK"
2026-01-12 18:29:14,484 INFO HTTP Request: POST https://api.mistral.ai/v1/chat/completions#stream "HTTP/1.1 200 OK"
2026-01-12 18:29:17,917 INFO HTTP Request: POST https://api.mistral.ai/v1/chat/completions#stream "HTTP/1.1 200 OK"
2026-01-12 18:29:21,503 INFO HTTP Request: POST https://api.mistral.ai/v1/chat/completions#stream "HTTP/1.1 200 OK"
2026-01-12 18:31:36,146 INFO HTTP Request: POST https://api.mistral.ai/v1/chat/completions#stream "HTTP/1.1 200 OK"
2026-01-12 18:32:15,367 INFO HTTP Request: POST https://api.mistral.ai/v1/chat/completions#stream "HTTP/1.1 200 OK"
2026-01-12 18:32:36,392 INFO HTTP Request: POST https://api.mistral.ai/v1/chat/completions#stream "HTTP/1.1 200 OK"
2026-01-12 18:32:41,568 INFO HTTP Request: POST https://api.mistral.ai/v1/chat/completions#stream "HTTP/1.1 200 OK"
2026-01-12 18:32:44,286 INFO HTTP Request: POST https://api.mistral.ai/v1/chat/completions#stream "HTTP/1.1 200 OK"
2026-01-12 18:32:48,487 INFO HTTP Request: POST https://api.mistral.ai/v1/chat/completions#stream "HTTP/1.1 200 OK"
2026-01-12 18:32:51,445 INFO HTTP Request: POST https://api.mistral.ai/v1/chat/completions#stream "HTTP/1.1 200 OK"
2026-01-12 18:32:54,541 INFO HTTP Request: POST https://api.mistral.ai/v1/chat/completions#stream "HTTP/1.1 200 OK"
2026-01-12 18:33:32,742 INFO HTTP Request: POST https://api.mistral.ai/v1/chat/completions#stream "HTTP/1.1 200 OK"
2026-01-12 18:33:37,074 INFO HTTP Request: POST https://api.mistral.ai/v1/chat/completions#stream "HTTP/1.1 200 OK"
2026-01-12 18:34:09,849 INFO HTTP Request: POST https://api.mistral.ai/v1/chat/completions#stream "HTTP/1.1 200 OK"
2026-01-12 18:34:42,069 INFO HTTP Request: POST https://api.mistral.ai/v1/chat/completions#stream "HTTP/1.1 200 OK"
2026-01-12 18:34:44,843 INFO HTTP Request: POST https://api.mistral.ai/v1/chat/completions#stream "HTTP/1.1 200 OK"
2026-01-12 18:34:48,743 INFO HTTP Request: POST https://api.mistral.ai/v1/chat/completions#stream "HTTP/1.1 200 OK"
2026-01-12 18:35:13,156 INFO HTTP Request: POST https://api.mistral.ai/v1/chat/completions#stream "HTTP/1.1 200 OK"
2026-01-12 18:35:51,291 INFO HTTP Request: POST https://api.mistral.ai/v1/chat/completions#stream "HTTP/1.1 200 OK"
2026-01-12 18:36:17,568 INFO HTTP Request: POST https://api.mistral.ai/v1/chat/completions#stream "HTTP/1.1 200 OK"
2026-01-12 18:36:32,766 INFO HTTP Request: POST https://api.mistral.ai/v1/chat/completions#stream "HTTP/1.1 200 OK"
2026-01-12 18:36:38,607 INFO HTTP Request: POST https://api.mistral.ai/v1/chat/completions#stream "HTTP/1.1 200 OK"
2026-01-12 18:36:42,762 INFO HTTP Request: POST https://api.mistral.ai/v1/chat/completions#stream "HTTP/1.1 200 OK"
2026-01-12 18:36:46,045 INFO HTTP Request: POST https://api.mistral.ai/v1/chat/completions#stream "HTTP/1.1 200 OK"
2026-01-12 18:40:10,168 INFO HTTP Request: POST https://api.mistral.ai/v1/chat/completions#stream "HTTP/1.1 200 OK"
2026-01-12 18:40:24,226 INFO HTTP Request: POST https://api.mistral.ai/v1/chat/completions#stream "HTTP/1.1 200 OK"
2026-01-12 18:40:28,169 INFO HTTP Request: POST https://api.mistral.ai/v1/chat/completions#stream "HTTP/1.1 200 OK"
2026-01-12 18:40:33,658 INFO HTTP Request: POST https://api.mistral.ai/v1/chat/completions#stream "HTTP/1.1 200 OK"
2026-01-12 18:40:38,834 INFO HTTP Request: POST https://api.mistral.ai/v1/chat/completions#stream "HTTP/1.1 200 OK"
2026-01-12 18:40:44,083 INFO HTTP Request: POST https://api.mistral.ai/v1/chat/completions#stream "HTTP/1.1 200 OK"
2026-01-12 18:40:47,582 INFO HTTP Request: POST https://api.mistral.ai/v1/chat/completions#stream "HTTP/1.1 200 OK"
2026-01-12 18:42:24,966 INFO HTTP Request: POST https://api.mistral.ai/v1/chat/completions#stream "HTTP/1.1 200 OK"
2026-01-12 18:42:57,182 INFO HTTP Request: POST https://api.mistral.ai/v1/chat/completions#stream "HTTP/1.1 200 OK"
2026-01-12 18:43:14,067 INFO HTTP Request: POST https://api.mistral.ai/v1/chat/completions#stream "HTTP/1.1 200 OK"
2026-01-12 18:43:18,494 INFO HTTP Request: POST https://api.mistral.ai/v1/chat/completions#stream "HTTP/1.1 200 OK"
2026-01-12 18:43:27,413 INFO HTTP Request: POST https://api.mistral.ai/v1/chat/completions#stream "HTTP/1.1 200 OK"
2026-01-12 18:43:33,370 INFO HTTP Request: POST https://api.mistral.ai/v1/chat/completions#stream "HTTP/1.1 200 OK"
2026-01-12 18:43:37,698 INFO HTTP Request: POST https://api.mistral.ai/v1/chat/completions#stream "HTTP/1.1 200 OK"
2026-01-12 18:45:46,342 INFO HTTP Request: POST https://api.mistral.ai/v1/chat/completions#stream "HTTP/1.1 200 OK"
2026-01-12 18:46:03,312 INFO HTTP Request: POST https://api.mistral.ai/v1/chat/completions#stream "HTTP/1.1 200 OK"
2026-01-12 18:46:10,912 INFO HTTP Request: POST https://api.mistral.ai/v1/chat/completions#stream "HTTP/1.1 200 OK"
2026-01-12 18:46:17,611 INFO HTTP Request: POST https://api.mistral.ai/v1/chat/completions#stream "HTTP/1.1 200 OK"
2026-01-12 18:46:22,013 INFO HTTP Request: POST https://api.mistral.ai/v1/chat/completions#stream "HTTP/1.1 200 OK"
2026-01-12 18:49:34,959 INFO HTTP Request: POST https://api.mistral.ai/v1/chat/completions#stream "HTTP/1.1 200 OK"
2026-01-12 18:50:49,260 INFO HTTP Request: POST https://api.mistral.ai/v1/chat/completions#stream "HTTP/1.1 200 OK"
2026-01-12 18:51:01,662 INFO HTTP Request: POST https://api.mistral.ai/v1/chat/completions#stream "HTTP/1.1 200 OK"
2026-01-12 18:51:08,461 INFO HTTP Request: POST https://api.mistral.ai/v1/chat/completions#stream "HTTP/1.1 200 OK"
2026-01-12 18:51:18,961 INFO HTTP Request: POST https://api.mistral.ai/v1/chat/completions#stream "HTTP/1.1 200 OK"
2026-01-12 18:51:23,392 INFO HTTP Request: POST https://api.mistral.ai/v1/chat/completions#stream "HTTP/1.1 200 OK"
2026-01-12 18:56:07,110 INFO HTTP Request: POST https://api.mistral.ai/v1/chat/completions#stream "HTTP/1.1 200 OK"
2026-01-12 18:56:24,814 INFO HTTP Request: POST https://api.mistral.ai/v1/chat/completions#stream "HTTP/1.1 200 OK"
2026-01-12 18:56:34,116 INFO HTTP Request: POST https://api.mistral.ai/v1/chat/completions#stream "HTTP/1.1 200 OK"
2026-01-12 18:56:38,432 INFO HTTP Request: POST https://api.mistral.ai/v1/chat/completions#stream "HTTP/1.1 200 OK"
2026-01-12 19:02:59,412 INFO Loaded 226 messages from previous session
2026-01-12 19:04:33,675 INFO HTTP Request: POST https://api.mistral.ai/v1/chat/completions#stream "HTTP/1.1 200 OK"
2026-01-12 19:04:34,500 INFO HTTP Request: POST https://api.mistral.ai/v1/chat/completions#stream "HTTP/1.1 200 OK"
2026-01-12 19:05:30,976 INFO HTTP Request: POST https://api.mistral.ai/v1/chat/completions#stream "HTTP/1.1 200 OK"
2026-01-12 19:05:48,330 INFO HTTP Request: POST https://api.mistral.ai/v1/chat/completions#stream "HTTP/1.1 200 OK"
2026-01-12 19:06:23,765 INFO HTTP Request: POST https://api.mistral.ai/v1/chat/completions#stream "HTTP/1.1 200 OK"
2026-01-12 19:06:24,683 INFO HTTP Request: POST https://api.mistral.ai/v1/chat/completions#stream "HTTP/1.1 200 OK"
2026-01-12 19:06:26,683 INFO HTTP Request: POST https://api.mistral.ai/v1/chat/completions#stream "HTTP/1.1 200 OK"
2026-01-12 19:06:27,778 INFO HTTP Request: POST https://api.mistral.ai/v1/chat/completions#stream "HTTP/1.1 200 OK"
2026-01-12 19:07:42,041 INFO HTTP Request: POST https://api.mistral.ai/v1/chat/completions#stream "HTTP/1.1 200 OK"
2026-01-12 19:07:42,792 INFO HTTP Request: POST https://api.mistral.ai/v1/chat/completions#stream "HTTP/1.1 200 OK"
2026-01-12 19:07:52,796 INFO HTTP Request: POST https://api.mistral.ai/v1/chat/completions#stream "HTTP/1.1 200 OK"
2026-01-12 19:07:55,928 INFO HTTP Request: POST https://api.mistral.ai/v1/chat/completions#stream "HTTP/1.1 200 OK"
2026-01-12 19:07:59,040 INFO HTTP Request: POST https://api.mistral.ai/v1/chat/completions#stream "HTTP/1.1 200 OK"
2026-01-12 19:08:09,694 INFO HTTP Request: POST https://api.mistral.ai/v1/chat/completions#stream "HTTP/1.1 200 OK"
2026-01-12 19:09:46,721 INFO HTTP Request: POST https://api.mistral.ai/v1/chat/completions#stream "HTTP/1.1 200 OK"
2026-01-12 19:09:47,671 INFO HTTP Request: POST https://api.mistral.ai/v1/chat/completions#stream "HTTP/1.1 200 OK"
2026-01-12 19:09:53,897 INFO HTTP Request: POST https://api.mistral.ai/v1/chat/completions#stream "HTTP/1.1 200 OK"
2026-01-12 19:10:01,384 INFO HTTP Request: POST https://api.mistral.ai/v1/chat/completions#stream "HTTP/1.1 200 OK"
2026-01-12 19:10:05,205 INFO HTTP Request: POST https://api.mistral.ai/v1/chat/completions#stream "HTTP/1.1 200 OK"
2026-01-12 19:10:06,696 INFO HTTP Request: POST https://api.mistral.ai/v1/chat/completions#stream "HTTP/1.1 200 OK"
2026-01-12 19:10:07,484 INFO HTTP Request: POST https://api.mistral.ai/v1/chat/completions#stream "HTTP/1.1 200 OK"
2026-01-12 19:10:09,285 INFO HTTP Request: POST https://api.mistral.ai/v1/chat/completions#stream "HTTP/1.1 200 OK"
2026-01-12 19:11:25,194 INFO HTTP Request: POST https://api.mistral.ai/v1/chat/completions#stream "HTTP/1.1 200 OK"
2026-01-12 19:11:28,098 INFO HTTP Request: POST https://api.mistral.ai/v1/chat/completions#stream "HTTP/1.1 200 OK"
2026-01-12 19:12:50,701 INFO HTTP Request: POST https://api.mistral.ai/v1/chat/completions#stream "HTTP/1.1 200 OK"
2026-01-12 19:13:05,994 INFO HTTP Request: POST https://api.mistral.ai/v1/chat/completions#stream "HTTP/1.1 200 OK"
2026-01-12 19:13:07,419 INFO HTTP Request: POST https://api.mistral.ai/v1/chat/completions#stream "HTTP/1.1 200 OK"
2026-01-12 19:13:15,621 INFO HTTP Request: POST https://api.mistral.ai/v1/chat/completions#stream "HTTP/1.1 200 OK"
2026-01-12 19:13:17,273 INFO HTTP Request: POST https://api.mistral.ai/v1/chat/completions#stream "HTTP/1.1 200 OK"
2026-01-12 19:13:30,868 INFO HTTP Request: POST https://api.mistral.ai/v1/chat/completions#stream "HTTP/1.1 200 OK"
2026-01-12 19:13:35,782 INFO HTTP Request: POST https://api.mistral.ai/v1/chat/completions#stream "HTTP/1.1 200 OK"
2026-01-12 19:14:06,734 INFO HTTP Request: POST https://api.mistral.ai/v1/chat/completions#stream "HTTP/1.1 200 OK"
2026-01-12 19:14:08,182 INFO HTTP Request: POST https://api.mistral.ai/v1/chat/completions#stream "HTTP/1.1 200 OK"
2026-01-12 19:14:38,381 INFO HTTP Request: POST https://api.mistral.ai/v1/chat/completions#stream "HTTP/1.1 200 OK"
2026-01-12 19:14:39,788 INFO HTTP Request: POST https://api.mistral.ai/v1/chat/completions#stream "HTTP/1.1 200 OK"
2026-01-12 19:15:10,818 INFO HTTP Request: POST https://api.mistral.ai/v1/chat/completions#stream "HTTP/1.1 200 OK"
2026-01-12 19:15:12,620 INFO HTTP Request: POST https://api.mistral.ai/v1/chat/completions#stream "HTTP/1.1 200 OK"
2026-01-13 17:34:01,787 INFO HTTP Request: GET https://pypi.org/simple/mistral-vibe/ "HTTP/1.1 200 OK"
2026-01-13 17:45:01,442 INFO HTTP Request: POST https://api.mistral.ai/v1/chat/completions#stream "HTTP/1.1 200 OK"
2026-01-13 17:45:06,143 INFO HTTP Request: POST https://api.mistral.ai/v1/chat/completions#stream "HTTP/1.1 200 OK"
2026-01-13 17:45:06,684 INFO HTTP Request: POST https://api.mistral.ai/v1/chat/completions#stream "HTTP/1.1 200 OK"
2026-01-13 17:45:08,058 INFO HTTP Request: POST https://api.mistral.ai/v1/chat/completions#stream "HTTP/1.1 200 OK"
2026-01-13 17:45:24,576 INFO HTTP Request: POST https://api.mistral.ai/v1/chat/completions#stream "HTTP/1.1 200 OK"
2026-01-13 17:45:25,092 INFO HTTP Request: POST https://api.mistral.ai/v1/chat/completions#stream "HTTP/1.1 200 OK"
2026-01-13 17:47:23,126 INFO HTTP Request: POST https://api.mistral.ai/v1/chat/completions#stream "HTTP/1.1 200 OK"
2026-01-13 17:47:24,722 INFO HTTP Request: POST https://api.mistral.ai/v1/chat/completions#stream "HTTP/1.1 200 OK"
2026-01-13 17:47:30,125 INFO HTTP Request: POST https://api.mistral.ai/v1/chat/completions#stream "HTTP/1.1 200 OK"
2026-01-13 17:47:32,175 INFO HTTP Request: POST https://api.mistral.ai/v1/chat/completions#stream "HTTP/1.1 200 OK"
2026-01-13 17:47:35,331 INFO HTTP Request: POST https://api.mistral.ai/v1/chat/completions#stream "HTTP/1.1 200 OK"
2026-01-13 17:47:54,920 INFO HTTP Request: POST https://api.mistral.ai/v1/chat/completions#stream "HTTP/1.1 200 OK"
2026-01-13 17:47:57,165 INFO HTTP Request: POST https://api.mistral.ai/v1/chat/completions#stream "HTTP/1.1 200 OK"
2026-01-13 17:47:59,622 INFO HTTP Request: POST https://api.mistral.ai/v1/chat/completions#stream "HTTP/1.1 200 OK"
2026-01-13 17:48:00,859 INFO HTTP Request: POST https://api.mistral.ai/v1/chat/completions#stream "HTTP/1.1 200 OK"
2026-01-13 17:48:02,706 INFO HTTP Request: POST https://api.mistral.ai/v1/chat/completions#stream "HTTP/1.1 200 OK"
2026-01-13 17:48:06,793 INFO HTTP Request: POST https://api.mistral.ai/v1/chat/completions#stream "HTTP/1.1 200 OK"
2026-01-13 17:48:09,710 INFO HTTP Request: POST https://api.mistral.ai/v1/chat/completions#stream "HTTP/1.1 200 OK"
2026-01-13 17:48:11,511 INFO HTTP Request: POST https://api.mistral.ai/v1/chat/completions#stream "HTTP/1.1 200 OK"
2026-01-13 17:48:14,565 INFO HTTP Request: POST https://api.mistral.ai/v1/chat/completions#stream "HTTP/1.1 200 OK"
2026-01-13 17:48:15,583 INFO HTTP Request: POST https://api.mistral.ai/v1/chat/completions#stream "HTTP/1.1 200 OK"
2026-01-13 17:48:47,186 INFO HTTP Request: POST https://api.mistral.ai/v1/chat/completions#stream "HTTP/1.1 200 OK"
2026-01-13 17:48:49,522 INFO HTTP Request: POST https://api.mistral.ai/v1/chat/completions#stream "HTTP/1.1 200 OK"
2026-01-13 17:49:28,473 INFO HTTP Request: POST https://api.mistral.ai/v1/chat/completions#stream "HTTP/1.1 200 OK"
2026-01-13 17:49:31,782 INFO HTTP Request: POST https://api.mistral.ai/v1/chat/completions#stream "HTTP/1.1 200 OK"
2026-01-13 17:49:32,660 INFO HTTP Request: POST https://api.mistral.ai/v1/chat/completions#stream "HTTP/1.1 200 OK"
2026-01-13 17:51:25,572 INFO HTTP Request: POST https://api.mistral.ai/v1/chat/completions#stream "HTTP/1.1 200 OK"
2026-01-13 17:52:11,685 INFO HTTP Request: POST https://api.mistral.ai/v1/chat/completions#stream "HTTP/1.1 200 OK"
2026-01-13 17:52:21,281 INFO HTTP Request: POST https://api.mistral.ai/v1/chat/completions#stream "HTTP/1.1 200 OK"
2026-01-13 17:52:27,135 INFO HTTP Request: POST https://api.mistral.ai/v1/chat/completions#stream "HTTP/1.1 200 OK"
2026-01-13 17:54:49,280 INFO HTTP Request: POST https://api.mistral.ai/v1/chat/completions#stream "HTTP/1.1 200 OK"
2026-01-13 17:54:50,759 INFO HTTP Request: POST https://api.mistral.ai/v1/chat/completions#stream "HTTP/1.1 200 OK"
2026-01-13 17:54:53,515 INFO HTTP Request: POST https://api.mistral.ai/v1/chat/completions#stream "HTTP/1.1 200 OK"
2026-01-13 17:54:55,033 INFO HTTP Request: POST https://api.mistral.ai/v1/chat/completions#stream "HTTP/1.1 200 OK"
2026-01-13 17:54:56,487 INFO HTTP Request: POST https://api.mistral.ai/v1/chat/completions#stream "HTTP/1.1 200 OK"
2026-01-13 17:54:58,918 INFO HTTP Request: POST https://api.mistral.ai/v1/chat/completions#stream "HTTP/1.1 200 OK"
2026-01-13 17:55:02,022 INFO HTTP Request: POST https://api.mistral.ai/v1/chat/completions#stream "HTTP/1.1 200 OK"
2026-01-13 17:55:03,337 INFO HTTP Request: POST https://api.mistral.ai/v1/chat/completions#stream "HTTP/1.1 200 OK"
2026-01-13 17:55:04,789 INFO HTTP Request: POST https://api.mistral.ai/v1/chat/completions#stream "HTTP/1.1 200 OK"
2026-01-13 17:55:09,215 INFO HTTP Request: POST https://api.mistral.ai/v1/chat/completions#stream "HTTP/1.1 200 OK"
2026-01-13 17:55:10,723 INFO HTTP Request: POST https://api.mistral.ai/v1/chat/completions#stream "HTTP/1.1 200 OK"
2026-01-13 17:55:21,146 INFO HTTP Request: POST https://api.mistral.ai/v1/chat/completions#stream "HTTP/1.1 200 OK"
2026-01-13 17:55:24,335 INFO HTTP Request: POST https://api.mistral.ai/v1/chat/completions#stream "HTTP/1.1 200 OK"
2026-01-13 17:55:29,179 INFO HTTP Request: POST https://api.mistral.ai/v1/chat/completions#stream "HTTP/1.1 200 OK"
2026-01-13 17:55:30,887 INFO HTTP Request: POST https://api.mistral.ai/v1/chat/completions#stream "HTTP/1.1 200 OK"
2026-01-13 17:55:40,606 INFO HTTP Request: POST https://api.mistral.ai/v1/chat/completions#stream "HTTP/1.1 200 OK"
2026-01-13 17:56:04,446 INFO HTTP Request: POST https://api.mistral.ai/v1/chat/completions#stream "HTTP/1.1 200 OK"
2026-01-13 17:56:11,050 INFO HTTP Request: POST https://api.mistral.ai/v1/chat/completions#stream "HTTP/1.1 200 OK"
2026-01-13 17:56:13,562 INFO HTTP Request: POST https://api.mistral.ai/v1/chat/completions#stream "HTTP/1.1 200 OK"
2026-01-13 17:56:19,670 INFO HTTP Request: POST https://api.mistral.ai/v1/chat/completions#stream "HTTP/1.1 200 OK"
2026-01-13 17:56:21,824 INFO HTTP Request: POST https://api.mistral.ai/v1/chat/completions#stream "HTTP/1.1 200 OK"
2026-01-13 17:56:44,560 INFO HTTP Request: POST https://api.mistral.ai/v1/chat/completions#stream "HTTP/1.1 200 OK"
2026-01-13 17:56:47,255 INFO HTTP Request: POST https://api.mistral.ai/v1/chat/completions#stream "HTTP/1.1 200 OK"
2026-01-13 17:57:10,226 INFO HTTP Request: POST https://api.mistral.ai/v1/chat/completions#stream "HTTP/1.1 200 OK"
2026-01-13 17:57:12,931 INFO HTTP Request: POST https://api.mistral.ai/v1/chat/completions#stream "HTTP/1.1 200 OK"
2026-01-13 17:57:15,316 INFO HTTP Request: POST https://api.mistral.ai/v1/chat/completions#stream "HTTP/1.1 200 OK"
2026-01-13 17:57:40,815 INFO HTTP Request: POST https://api.mistral.ai/v1/chat/completions#stream "HTTP/1.1 200 OK"
2026-01-13 17:57:49,857 INFO HTTP Request: POST https://api.mistral.ai/v1/chat/completions#stream "HTTP/1.1 200 OK"
2026-01-13 17:57:50,680 INFO HTTP Request: POST https://api.mistral.ai/v1/chat/completions#stream "HTTP/1.1 200 OK"
2026-01-13 18:00:28,680 INFO HTTP Request: POST https://api.mistral.ai/v1/chat/completions#stream "HTTP/1.1 200 OK"
2026-01-13 18:00:33,761 INFO HTTP Request: POST https://api.mistral.ai/v1/chat/completions#stream "HTTP/1.1 200 OK"
2026-01-13 18:00:37,048 INFO HTTP Request: POST https://api.mistral.ai/v1/chat/completions#stream "HTTP/1.1 200 OK"
2026-01-13 18:00:39,932 INFO HTTP Request: POST https://api.mistral.ai/v1/chat/completions#stream "HTTP/1.1 200 OK"
2026-01-13 18:00:43,062 INFO HTTP Request: POST https://api.mistral.ai/v1/chat/completions#stream "HTTP/1.1 200 OK"
2026-01-13 18:00:45,415 INFO HTTP Request: POST https://api.mistral.ai/v1/chat/completions#stream "HTTP/1.1 200 OK"
2026-01-13 18:00:48,817 INFO HTTP Request: POST https://api.mistral.ai/v1/chat/completions#stream "HTTP/1.1 200 OK"
2026-01-13 18:00:52,215 INFO HTTP Request: POST https://api.mistral.ai/v1/chat/completions#stream "HTTP/1.1 200 OK"
2026-01-13 18:01:02,022 INFO HTTP Request: POST https://api.mistral.ai/v1/chat/completions#stream "HTTP/1.1 200 OK"
2026-01-13 18:01:03,856 INFO HTTP Request: POST https://api.mistral.ai/v1/chat/completions#stream "HTTP/1.1 200 OK"
2026-01-13 18:01:12,059 INFO HTTP Request: POST https://api.mistral.ai/v1/chat/completions#stream "HTTP/1.1 200 OK"
2026-01-13 18:01:14,317 INFO HTTP Request: POST https://api.mistral.ai/v1/chat/completions#stream "HTTP/1.1 200 OK"
2026-01-13 18:01:16,773 INFO HTTP Request: POST https://api.mistral.ai/v1/chat/completions#stream "HTTP/1.1 200 OK"
2026-01-13 18:01:54,669 INFO HTTP Request: POST https://api.mistral.ai/v1/chat/completions#stream "HTTP/1.1 200 OK"
2026-01-13 18:01:58,622 INFO HTTP Request: POST https://api.mistral.ai/v1/chat/completions#stream "HTTP/1.1 200 OK"
2026-01-13 18:02:04,167 INFO HTTP Request: POST https://api.mistral.ai/v1/chat/completions#stream "HTTP/1.1 200 OK"
2026-01-13 18:02:30,157 INFO HTTP Request: POST https://api.mistral.ai/v1/chat/completions#stream "HTTP/1.1 200 OK"
2026-01-13 18:02:32,412 INFO HTTP Request: POST https://api.mistral.ai/v1/chat/completions#stream "HTTP/1.1 200 OK"
2026-01-13 18:02:37,167 INFO HTTP Request: POST https://api.mistral.ai/v1/chat/completions#stream "HTTP/1.1 200 OK"
2026-01-13 18:30:05,512 INFO HTTP Request: POST https://api.mistral.ai/v1/chat/completions#stream "HTTP/1.1 200 OK"
2026-01-13 18:38:44,520 INFO HTTP Request: POST https://api.mistral.ai/v1/chat/completions#stream "HTTP/1.1 200 OK"
2026-01-13 18:51:27,777 INFO HTTP Request: POST https://api.mistral.ai/v1/chat/completions#stream "HTTP/1.1 200 OK"
2026-01-13 18:51:31,095 INFO HTTP Request: POST https://api.mistral.ai/v1/chat/completions#stream "HTTP/1.1 200 OK"
2026-01-13 18:51:50,248 INFO HTTP Request: POST https://api.mistral.ai/v1/chat/completions#stream "HTTP/1.1 200 OK"
2026-01-13 18:51:50,998 INFO HTTP Request: POST https://api.mistral.ai/v1/chat/completions#stream "HTTP/1.1 200 OK"
2026-01-13 18:51:53,182 INFO HTTP Request: POST https://api.mistral.ai/v1/chat/completions#stream "HTTP/1.1 200 OK"
2026-01-13 18:52:24,101 INFO HTTP Request: POST https://api.mistral.ai/v1/chat/completions#stream "HTTP/1.1 200 OK"
2026-01-13 18:52:25,813 INFO HTTP Request: POST https://api.mistral.ai/v1/chat/completions#stream "HTTP/1.1 200 OK"
2026-01-13 18:52:26,792 INFO HTTP Request: POST https://api.mistral.ai/v1/chat/completions#stream "HTTP/1.1 200 OK"
2026-01-13 18:52:59,484 INFO HTTP Request: POST https://api.mistral.ai/v1/chat/completions#stream "HTTP/1.1 200 OK"
2026-01-13 18:53:04,397 INFO HTTP Request: POST https://api.mistral.ai/v1/chat/completions#stream "HTTP/1.1 200 OK"
2026-01-13 18:53:05,869 INFO HTTP Request: POST https://api.mistral.ai/v1/chat/completions#stream "HTTP/1.1 200 OK"
2026-01-13 18:53:27,938 INFO HTTP Request: POST https://api.mistral.ai/v1/chat/completions#stream "HTTP/1.1 200 OK"
2026-01-13 18:53:39,508 INFO HTTP Request: POST https://api.mistral.ai/v1/chat/completions#stream "HTTP/1.1 200 OK"
2026-01-13 18:53:42,451 INFO HTTP Request: POST https://api.mistral.ai/v1/chat/completions#stream "HTTP/1.1 200 OK"
2026-01-13 18:53:51,490 INFO HTTP Request: POST https://api.mistral.ai/v1/chat/completions#stream "HTTP/1.1 200 OK"
2026-01-13 18:53:53,741 INFO HTTP Request: POST https://api.mistral.ai/v1/chat/completions#stream "HTTP/1.1 200 OK"
2026-01-13 18:54:06,849 INFO HTTP Request: POST https://api.mistral.ai/v1/chat/completions#stream "HTTP/1.1 200 OK"
2026-01-13 18:54:17,222 INFO HTTP Request: POST https://api.mistral.ai/v1/chat/completions#stream "HTTP/1.1 200 OK"
2026-01-13 18:55:14,044 INFO HTTP Request: POST https://api.mistral.ai/v1/chat/completions#stream "HTTP/1.1 200 OK"
2026-01-13 18:57:04,793 INFO HTTP Request: POST https://api.mistral.ai/v1/chat/completions#stream "HTTP/1.1 200 OK"
2026-01-13 18:57:05,776 INFO HTTP Request: POST https://api.mistral.ai/v1/chat/completions#stream "HTTP/1.1 200 OK"
2026-01-13 18:57:12,402 INFO HTTP Request: POST https://api.mistral.ai/v1/chat/completions#stream "HTTP/1.1 200 OK"
2026-01-13 18:57:15,784 INFO HTTP Request: POST https://api.mistral.ai/v1/chat/completions#stream "HTTP/1.1 200 OK"
2026-01-13 18:57:34,296 INFO HTTP Request: POST https://api.mistral.ai/v1/chat/completions#stream "HTTP/1.1 200 OK"
2026-01-13 18:57:39,664 INFO HTTP Request: POST https://api.mistral.ai/v1/chat/completions#stream "HTTP/1.1 200 OK"
2026-01-13 18:57:44,010 INFO HTTP Request: POST https://api.mistral.ai/v1/chat/completions#stream "HTTP/1.1 200 OK"
2026-01-13 18:57:44,825 INFO HTTP Request: POST https://api.mistral.ai/v1/chat/completions#stream "HTTP/1.1 200 OK"
2026-01-13 18:57:46,013 INFO HTTP Request: POST https://api.mistral.ai/v1/chat/completions#stream "HTTP/1.1 200 OK"
2026-01-13 18:57:47,488 INFO HTTP Request: POST https://api.mistral.ai/v1/chat/completions#stream "HTTP/1.1 200 OK"
2026-01-13 18:58:02,386 INFO HTTP Request: POST https://api.mistral.ai/v1/chat/completions#stream "HTTP/1.1 200 OK"
2026-01-13 18:58:03,500 INFO HTTP Request: POST https://api.mistral.ai/v1/chat/completions#stream "HTTP/1.1 200 OK"
2026-01-13 18:58:05,714 INFO HTTP Request: POST https://api.mistral.ai/v1/chat/completions#stream "HTTP/1.1 200 OK"
2026-01-13 18:58:06,522 INFO HTTP Request: POST https://api.mistral.ai/v1/chat/completions#stream "HTTP/1.1 200 OK"
2026-01-13 18:59:07,193 INFO HTTP Request: POST https://api.mistral.ai/v1/chat/completions#stream "HTTP/1.1 200 OK"
2026-01-13 18:59:11,043 INFO HTTP Request: POST https://api.mistral.ai/v1/chat/completions#stream "HTTP/1.1 200 OK"
2026-01-13 18:59:31,691 INFO HTTP Request: POST https://api.mistral.ai/v1/chat/completions#stream "HTTP/1.1 200 OK"
2026-01-13 18:59:35,646 INFO HTTP Request: POST https://api.mistral.ai/v1/chat/completions#stream "HTTP/1.1 200 OK"
2026-01-13 18:59:41,397 INFO HTTP Request: POST https://api.mistral.ai/v1/chat/completions#stream "HTTP/1.1 200 OK"
2026-01-13 19:00:21,215 INFO HTTP Request: POST https://api.mistral.ai/v1/chat/completions#stream "HTTP/1.1 200 OK"
2026-01-13 19:00:32,097 INFO HTTP Request: POST https://api.mistral.ai/v1/chat/completions#stream "HTTP/1.1 200 OK"
2026-01-13 19:00:48,099 INFO HTTP Request: POST https://api.mistral.ai/v1/chat/completions#stream "HTTP/1.1 200 OK"
2026-01-13 19:01:00,632 INFO HTTP Request: POST https://api.mistral.ai/v1/chat/completions#stream "HTTP/1.1 200 OK"
2026-01-13 19:02:13,061 INFO HTTP Request: POST https://api.mistral.ai/v1/chat/completions#stream "HTTP/1.1 200 OK"
2026-01-13 19:02:17,197 INFO HTTP Request: POST https://api.mistral.ai/v1/chat/completions#stream "HTTP/1.1 200 OK"
2026-01-13 19:02:18,338 INFO HTTP Request: POST https://api.mistral.ai/v1/chat/completions#stream "HTTP/1.1 200 OK"
2026-01-13 19:02:24,005 INFO HTTP Request: POST https://api.mistral.ai/v1/chat/completions#stream "HTTP/1.1 200 OK"
2026-01-13 19:03:15,014 INFO HTTP Request: POST https://api.mistral.ai/v1/chat/completions#stream "HTTP/1.1 200 OK"
2026-01-13 19:03:19,596 INFO HTTP Request: POST https://api.mistral.ai/v1/chat/completions#stream "HTTP/1.1 200 OK"
2026-01-13 19:03:20,891 INFO HTTP Request: POST https://api.mistral.ai/v1/chat/completions#stream "HTTP/1.1 200 OK"
2026-01-13 19:03:28,988 INFO HTTP Request: POST https://api.mistral.ai/v1/chat/completions#stream "HTTP/1.1 200 OK"
2026-01-13 19:04:10,595 INFO HTTP Request: POST https://api.mistral.ai/v1/chat/completions#stream "HTTP/1.1 200 OK"
2026-01-13 19:04:15,495 INFO HTTP Request: POST https://api.mistral.ai/v1/chat/completions#stream "HTTP/1.1 200 OK"
2026-01-13 19:04:35,149 INFO HTTP Request: POST https://api.mistral.ai/v1/chat/completions#stream "HTTP/1.1 200 OK"
2026-01-13 19:04:59,156 INFO HTTP Request: POST https://api.mistral.ai/v1/chat/completions#stream "HTTP/1.1 200 OK"
2026-01-13 19:05:00,494 INFO HTTP Request: POST https://api.mistral.ai/v1/chat/completions#stream "HTTP/1.1 200 OK"
2026-01-13 19:14:09,153 INFO HTTP Request: POST https://api.mistral.ai/v1/chat/completions#stream "HTTP/1.1 200 OK"
2026-01-13 19:14:11,476 INFO HTTP Request: POST https://api.mistral.ai/v1/chat/completions#stream "HTTP/1.1 200 OK"
2026-01-13 19:14:18,158 INFO HTTP Request: POST https://api.mistral.ai/v1/chat/completions#stream "HTTP/1.1 200 OK"
2026-01-13 19:14:20,850 INFO HTTP Request: POST https://api.mistral.ai/v1/chat/completions#stream "HTTP/1.1 200 OK"
2026-01-13 19:14:28,989 INFO HTTP Request: POST https://api.mistral.ai/v1/chat/completions#stream "HTTP/1.1 200 OK"
2026-01-13 19:14:31,043 INFO HTTP Request: POST https://api.mistral.ai/v1/chat/completions#stream "HTTP/1.1 200 OK"
2026-01-13 19:14:34,847 INFO HTTP Request: POST https://api.mistral.ai/v1/chat/completions#stream "HTTP/1.1 200 OK"
2026-01-13 19:17:54,271 INFO HTTP Request: POST https://api.mistral.ai/v1/chat/completions#stream "HTTP/1.1 200 OK"
2026-01-13 19:19:41,582 INFO HTTP Request: POST https://api.mistral.ai/v1/chat/completions#stream "HTTP/1.1 200 OK"
2026-01-13 19:21:27,516 INFO HTTP Request: POST https://api.mistral.ai/v1/chat/completions#stream "HTTP/1.1 503 Service Unavailable"
2026-01-13 19:25:36,455 INFO HTTP Request: POST https://api.mistral.ai/v1/chat/completions#stream "HTTP/1.1 503 Service Unavailable"
2026-01-14 10:31:34,746 INFO Loaded 135 messages from previous session
2026-01-14 10:32:29,987 INFO HTTP Request: POST https://api.mistral.ai/v1/chat/completions#stream "HTTP/1.1 200 OK"
2026-01-14 10:32:32,758 INFO HTTP Request: POST https://api.mistral.ai/v1/chat/completions#stream "HTTP/1.1 200 OK"
2026-01-14 10:32:44,450 INFO HTTP Request: POST https://api.mistral.ai/v1/chat/completions#stream "HTTP/1.1 200 OK"
2026-01-14 10:32:58,911 INFO HTTP Request: POST https://api.mistral.ai/v1/chat/completions#stream "HTTP/1.1 200 OK"
2026-01-14 10:33:33,351 INFO HTTP Request: POST https://api.mistral.ai/v1/chat/completions#stream "HTTP/1.1 200 OK"
2026-01-14 10:33:42,849 INFO HTTP Request: POST https://api.mistral.ai/v1/chat/completions#stream "HTTP/1.1 200 OK"
2026-01-14 10:33:46,074 INFO HTTP Request: POST https://api.mistral.ai/v1/chat/completions#stream "HTTP/1.1 200 OK"
2026-01-14 10:33:58,452 INFO HTTP Request: POST https://api.mistral.ai/v1/chat/completions#stream "HTTP/1.1 200 OK"
2026-01-14 10:34:00,585 INFO HTTP Request: POST https://api.mistral.ai/v1/chat/completions#stream "HTTP/1.1 200 OK"
2026-01-14 10:34:04,904 INFO HTTP Request: POST https://api.mistral.ai/v1/chat/completions#stream "HTTP/1.1 200 OK"
2026-01-14 10:34:07,609 INFO HTTP Request: POST https://api.mistral.ai/v1/chat/completions#stream "HTTP/1.1 200 OK"
2026-01-14 10:34:14,536 INFO HTTP Request: POST https://api.mistral.ai/v1/chat/completions#stream "HTTP/1.1 200 OK"
2026-01-14 10:34:16,523 INFO HTTP Request: POST https://api.mistral.ai/v1/chat/completions#stream "HTTP/1.1 200 OK"
2026-01-14 10:34:22,369 INFO HTTP Request: POST https://api.mistral.ai/v1/chat/completions#stream "HTTP/1.1 200 OK"
2026-01-14 10:34:50,354 INFO HTTP Request: POST https://api.mistral.ai/v1/chat/completions#stream "HTTP/1.1 200 OK"
2026-01-14 10:34:52,478 INFO HTTP Request: POST https://api.mistral.ai/v1/chat/completions#stream "HTTP/1.1 200 OK"
2026-01-14 10:35:26,802 INFO HTTP Request: POST https://api.mistral.ai/v1/chat/completions#stream "HTTP/1.1 200 OK"
2026-01-14 10:35:36,588 INFO HTTP Request: POST https://api.mistral.ai/v1/chat/completions#stream "HTTP/1.1 200 OK"
2026-01-14 10:42:55,208 INFO HTTP Request: POST https://api.mistral.ai/v1/chat/completions#stream "HTTP/1.1 200 OK"
2026-01-14 10:43:04,316 INFO HTTP Request: POST https://api.mistral.ai/v1/chat/completions#stream "HTTP/1.1 200 OK"
2026-01-14 10:43:09,911 INFO HTTP Request: POST https://api.mistral.ai/v1/chat/completions#stream "HTTP/1.1 200 OK"
2026-01-14 10:43:15,824 INFO HTTP Request: POST https://api.mistral.ai/v1/chat/completions#stream "HTTP/1.1 200 OK"
2026-01-14 10:43:24,227 INFO HTTP Request: POST https://api.mistral.ai/v1/chat/completions#stream "HTTP/1.1 200 OK"
2026-01-14 10:43:27,564 INFO HTTP Request: POST https://api.mistral.ai/v1/chat/completions#stream "HTTP/1.1 200 OK"
2026-01-14 10:43:31,276 INFO HTTP Request: POST https://api.mistral.ai/v1/chat/completions#stream "HTTP/1.1 200 OK"
2026-01-14 10:43:46,815 INFO HTTP Request: POST https://api.mistral.ai/v1/chat/completions#stream "HTTP/1.1 200 OK"
2026-01-14 10:44:08,606 INFO HTTP Request: POST https://api.mistral.ai/v1/chat/completions#stream "HTTP/1.1 200 OK"
2026-01-14 10:44:19,440 INFO HTTP Request: POST https://api.mistral.ai/v1/chat/completions#stream "HTTP/1.1 200 OK"
2026-01-14 10:44:43,106 INFO HTTP Request: POST https://api.mistral.ai/v1/chat/completions#stream "HTTP/1.1 200 OK"
2026-01-14 10:45:02,861 INFO HTTP Request: POST https://api.mistral.ai/v1/chat/completions#stream "HTTP/1.1 200 OK"
2026-01-14 10:45:06,080 INFO HTTP Request: POST https://api.mistral.ai/v1/chat/completions#stream "HTTP/1.1 200 OK"
2026-01-14 10:45:10,265 INFO HTTP Request: POST https://api.mistral.ai/v1/chat/completions#stream "HTTP/1.1 200 OK"
2026-01-14 10:45:12,722 INFO HTTP Request: POST https://api.mistral.ai/v1/chat/completions#stream "HTTP/1.1 200 OK"
2026-01-14 10:45:16,322 INFO HTTP Request: POST https://api.mistral.ai/v1/chat/completions#stream "HTTP/1.1 200 OK"
2026-01-14 10:45:18,739 INFO HTTP Request: POST https://api.mistral.ai/v1/chat/completions#stream "HTTP/1.1 200 OK"
2026-01-14 10:46:15,008 INFO HTTP Request: POST https://api.mistral.ai/v1/chat/completions#stream "HTTP/1.1 200 OK"
2026-01-14 10:46:19,911 INFO HTTP Request: POST https://api.mistral.ai/v1/chat/completions#stream "HTTP/1.1 200 OK"
2026-01-14 10:51:55,424 INFO HTTP Request: POST https://api.mistral.ai/v1/chat/completions#stream "HTTP/1.1 200 OK"
2026-01-14 10:52:45,711 INFO HTTP Request: POST https://api.mistral.ai/v1/chat/completions#stream "HTTP/1.1 200 OK"
2026-01-14 10:52:48,442 INFO HTTP Request: POST https://api.mistral.ai/v1/chat/completions#stream "HTTP/1.1 200 OK"
2026-01-14 10:52:57,065 INFO HTTP Request: POST https://api.mistral.ai/v1/chat/completions#stream "HTTP/1.1 200 OK"
2026-01-14 10:53:01,339 INFO HTTP Request: POST https://api.mistral.ai/v1/chat/completions#stream "HTTP/1.1 200 OK"
2026-01-14 10:53:05,411 INFO HTTP Request: POST https://api.mistral.ai/v1/chat/completions#stream "HTTP/1.1 200 OK"
2026-01-14 10:53:10,666 INFO HTTP Request: POST https://api.mistral.ai/v1/chat/completions#stream "HTTP/1.1 200 OK"
2026-01-14 10:53:15,510 INFO HTTP Request: POST https://api.mistral.ai/v1/chat/completions#stream "HTTP/1.1 200 OK"
2026-01-14 10:53:34,038 INFO HTTP Request: POST https://api.mistral.ai/v1/chat/completions#stream "HTTP/1.1 200 OK"
2026-01-14 10:53:38,020 INFO HTTP Request: POST https://api.mistral.ai/v1/chat/completions#stream "HTTP/1.1 200 OK"
2026-01-14 10:54:08,250 INFO HTTP Request: POST https://api.mistral.ai/v1/chat/completions#stream "HTTP/1.1 200 OK"
2026-01-14 10:54:20,434 INFO HTTP Request: POST https://api.mistral.ai/v1/chat/completions#stream "HTTP/1.1 200 OK"
2026-01-14 10:54:24,153 INFO HTTP Request: POST https://api.mistral.ai/v1/chat/completions#stream "HTTP/1.1 200 OK"
2026-01-14 10:54:27,562 INFO HTTP Request: POST https://api.mistral.ai/v1/chat/completions#stream "HTTP/1.1 200 OK"
2026-01-14 10:54:32,826 INFO HTTP Request: POST https://api.mistral.ai/v1/chat/completions#stream "HTTP/1.1 200 OK"
2026-01-14 10:54:38,512 INFO HTTP Request: POST https://api.mistral.ai/v1/chat/completions#stream "HTTP/1.1 200 OK"
2026-01-14 10:54:48,749 INFO HTTP Request: POST https://api.mistral.ai/v1/chat/completions#stream "HTTP/1.1 200 OK"
2026-01-14 10:57:17,518 INFO HTTP Request: POST https://api.mistral.ai/v1/chat/completions#stream "HTTP/1.1 200 OK"
2026-01-14 10:57:34,892 INFO HTTP Request: POST https://api.mistral.ai/v1/chat/completions#stream "HTTP/1.1 200 OK"
2026-01-14 10:57:44,590 INFO HTTP Request: POST https://api.mistral.ai/v1/chat/completions#stream "HTTP/1.1 200 OK"
2026-01-14 10:57:50,698 INFO HTTP Request: POST https://api.mistral.ai/v1/chat/completions#stream "HTTP/1.1 200 OK"
2026-01-14 10:57:54,725 INFO HTTP Request: POST https://api.mistral.ai/v1/chat/completions#stream "HTTP/1.1 200 OK"
2026-01-14 10:58:00,217 INFO HTTP Request: POST https://api.mistral.ai/v1/chat/completions#stream "HTTP/1.1 200 OK"
2026-01-14 10:58:05,492 INFO HTTP Request: POST https://api.mistral.ai/v1/chat/completions#stream "HTTP/1.1 200 OK"
2026-01-14 10:58:11,792 INFO HTTP Request: POST https://api.mistral.ai/v1/chat/completions#stream "HTTP/1.1 200 OK"
2026-01-14 10:58:32,492 INFO HTTP Request: POST https://api.mistral.ai/v1/chat/completions#stream "HTTP/1.1 200 OK"
2026-01-14 10:58:56,039 INFO HTTP Request: POST https://api.mistral.ai/v1/chat/completions#stream "HTTP/1.1 200 OK"
2026-01-14 10:59:05,491 INFO HTTP Request: POST https://api.mistral.ai/v1/chat/completions#stream "HTTP/1.1 200 OK"
2026-01-14 10:59:27,691 INFO HTTP Request: POST https://api.mistral.ai/v1/chat/completions#stream "HTTP/1.1 200 OK"
2026-01-14 10:59:34,936 INFO HTTP Request: POST https://api.mistral.ai/v1/chat/completions#stream "HTTP/1.1 200 OK"
2026-01-14 11:06:43,695 INFO HTTP Request: POST https://api.mistral.ai/v1/chat/completions#stream "HTTP/1.1 200 OK"
2026-01-14 11:06:49,260 INFO HTTP Request: POST https://api.mistral.ai/v1/chat/completions#stream "HTTP/1.1 200 OK"
2026-01-14 11:07:00,581 INFO HTTP Request: POST https://api.mistral.ai/v1/chat/completions#stream "HTTP/1.1 200 OK"
2026-01-14 11:07:08,862 INFO HTTP Request: POST https://api.mistral.ai/v1/chat/completions#stream "HTTP/1.1 200 OK"
2026-01-14 11:07:15,064 INFO HTTP Request: POST https://api.mistral.ai/v1/chat/completions#stream "HTTP/1.1 200 OK"
2026-01-14 11:07:34,358 INFO HTTP Request: POST https://api.mistral.ai/v1/chat/completions#stream "HTTP/1.1 200 OK"
2026-01-14 11:07:37,760 INFO HTTP Request: POST https://api.mistral.ai/v1/chat/completions#stream "HTTP/1.1 200 OK"
2026-01-14 11:07:44,561 INFO HTTP Request: POST https://api.mistral.ai/v1/chat/completions#stream "HTTP/1.1 200 OK"
2026-01-14 11:07:49,381 INFO HTTP Request: POST https://api.mistral.ai/v1/chat/completions#stream "HTTP/1.1 200 OK"
2026-01-14 11:07:54,161 INFO HTTP Request: POST https://api.mistral.ai/v1/chat/completions#stream "HTTP/1.1 200 OK"
2026-01-14 11:07:57,859 INFO HTTP Request: POST https://api.mistral.ai/v1/chat/completions#stream "HTTP/1.1 200 OK"
2026-01-14 11:08:05,475 INFO HTTP Request: POST https://api.mistral.ai/v1/chat/completions#stream "HTTP/1.1 200 OK"
2026-01-14 11:08:11,823 INFO HTTP Request: POST https://api.mistral.ai/v1/chat/completions#stream "HTTP/1.1 200 OK"
2026-01-14 11:08:29,372 INFO HTTP Request: POST https://api.mistral.ai/v1/chat/completions#stream "HTTP/1.1 200 OK"
2026-01-14 11:08:34,296 INFO HTTP Request: POST https://api.mistral.ai/v1/chat/completions#stream "HTTP/1.1 200 OK"
2026-01-14 11:08:38,474 INFO HTTP Request: POST https://api.mistral.ai/v1/chat/completions#stream "HTTP/1.1 200 OK"
2026-01-14 11:09:03,981 INFO HTTP Request: POST https://api.mistral.ai/v1/chat/completions#stream "HTTP/1.1 200 OK"
2026-01-14 11:09:13,162 INFO HTTP Request: POST https://api.mistral.ai/v1/chat/completions#stream "HTTP/1.1 200 OK"
2026-01-14 11:09:20,840 INFO HTTP Request: POST https://api.mistral.ai/v1/chat/completions#stream "HTTP/1.1 200 OK"
2026-01-14 11:13:31,991 INFO HTTP Request: POST https://api.mistral.ai/v1/chat/completions#stream "HTTP/1.1 200 OK"
2026-01-14 11:15:38,774 INFO HTTP Request: POST https://api.mistral.ai/v1/chat/completions#stream "HTTP/1.1 200 OK"
2026-01-14 11:16:01,226 INFO HTTP Request: POST https://api.mistral.ai/v1/chat/completions#stream "HTTP/1.1 200 OK"
2026-01-14 11:16:06,002 INFO HTTP Request: POST https://api.mistral.ai/v1/chat/completions#stream "HTTP/1.1 200 OK"
2026-01-14 11:16:12,076 INFO HTTP Request: POST https://api.mistral.ai/v1/chat/completions#stream "HTTP/1.1 200 OK"
2026-01-14 11:16:18,903 INFO HTTP Request: POST https://api.mistral.ai/v1/chat/completions#stream "HTTP/1.1 200 OK"
2026-01-14 11:16:25,971 INFO HTTP Request: POST https://api.mistral.ai/v1/chat/completions#stream "HTTP/1.1 200 OK"
2026-01-14 11:16:45,379 INFO HTTP Request: POST https://api.mistral.ai/v1/chat/completions#stream "HTTP/1.1 200 OK"
2026-01-14 11:16:49,696 INFO HTTP Request: POST https://api.mistral.ai/v1/chat/completions#stream "HTTP/1.1 200 OK"
2026-01-14 11:16:59,377 INFO HTTP Request: POST https://api.mistral.ai/v1/chat/completions#stream "HTTP/1.1 200 OK"
2026-01-14 11:17:24,773 INFO HTTP Request: POST https://api.mistral.ai/v1/chat/completions#stream "HTTP/1.1 200 OK"
2026-02-24 16:45:11,532 INFO HTTP Request: GET https://pypi.org/simple/mistral-vibe/ "HTTP/1.1 200 OK"
2026-02-24 16:47:28,565 INFO HTTP Request: POST https://api.mistral.ai/v1/chat/completions#stream "HTTP/1.1 200 OK"
2026-02-24 16:52:13,221 INFO HTTP Request: POST https://api.mistral.ai/v1/chat/completions#stream "HTTP/1.1 200 OK"
2026-02-24 16:53:04,198 INFO HTTP Request: POST https://api.mistral.ai/v1/chat/completions#stream "HTTP/1.1 200 OK"
2026-02-24 16:53:10,799 INFO HTTP Request: POST https://api.mistral.ai/v1/chat/completions#stream "HTTP/1.1 200 OK"
2026-02-25 12:00:11,865 INFO Loaded 8 messages from previous session
2026-03-10 13:59:40,963 INFO HTTP Request: GET https://pypi.org/simple/mistral-vibe/ "HTTP/1.1 200 OK"
